timestep, xw
0, 1
1, 3
2, 5
3, 5
4, 5
5, 5
6, 7
7, 7
8, 9
9, 9
10, 9
11, 9
12, 9
13, 9
14, 9
15, 11
16, 13
17, 13
18, 13
19, 13
20, 13
21, 13
22, 13
23, 15
24, 15
25, 15
26, 17
27, 17
28, 17
29, 17
30, 17
31, 17
32, 17
33, 17
34, 19
35, 19
36, 19
37, 19
38, 19
39, 19
40, 19
41, 19
42, 19
43, 19
44, 19
45, 19
46, 21
47, 21
48, 21
49, 21
50, 21
51, 21
52, 21
53, 21
54, 23
55, 23
56, 23
57, 23
58, 23
59, 23
60, 23
61, 23
62, 23
63, 23
64, 23
65, 23
66, 23
67, 25
68, 25
69, 25
70, 27
71, 27
72, 27
73, 27
74, 27
75, 27
76, 27
77, 27
78, 27
79, 27
80, 27
81, 27
82, 27
83, 27
84, 27
85, 27
86, 27
87, 27
88, 27
89, 27
90, 27
91, 27
92, 27
93, 27
94, 27
95, 27
96, 27
97, 27
98, 27
99, 27
100, 27
101, 27
102, 27
103, 27
104, 27
105, 27
106, 29
107, 29
108, 29
109, 29
110, 29
111, 29
112, 31
113, 31
114, 31
115, 31
116, 33
117, 33
118, 33
119, 33
120, 33
121, 33
122, 33
123, 33
124, 33
125, 33
126, 33
127, 33
128, 33
129, 35
130, 35
131, 35
132, 35
133, 35
134, 35
135, 35
136, 35
137, 35
138, 35
139, 35
140, 35
141, 35
142, 35
143, 35
144, 35
145, 35
146, 35
147, 37
148, 37
149, 37
150, 37
151, 37
152, 37
153, 37
154, 37
155, 37
156, 37
157, 37
158, 37
159, 37
160, 37
161, 37
162, 37
163, 37
164, 37
165, 37
166, 37
167, 37
168, 37
169, 37
170, 37
171, 37
172, 37
173, 37
174, 37
175, 37
176, 37
177, 37
178, 37
179, 37
180, 37
181, 37
182, 37
183, 39
184, 39
185, 39
186, 39
187, 39
188, 39
189, 39
190, 39
191, 39
192, 39
193, 41
194, 41
195, 41
196, 41
197, 41
198, 41
199, 41
200, 41
201, 41
202, 41
203, 41
204, 41
205, 41
206, 41
207, 41
208, 41
209, 41
210, 41
211, 41
212, 41
213, 41
214, 41
215, 43
216, 43
217, 43
218, 43
219, 43
220, 43
221, 43
222, 43
223, 43
224, 43
225, 43
226, 43
227, 43
228, 43
229, 43
230, 43
231, 43
232, 43
233, 43
234, 43
235, 43
236, 43
237, 43
238, 43
239, 43
240, 43
241, 43
242, 43
243, 43
244, 43
245, 45
246, 45
247, 45
248, 45
249, 45
250, 45
251, 47
252, 47
253, 47
254, 47
255, 47
256, 47
257, 47
258, 47
259, 47
260, 47
261, 47
262, 47
263, 47
264, 47
265, 47
266, 47
267, 47
268, 47
269, 47
270, 47
271, 47
272, 47
273, 47
274, 47
275, 47
276, 47
277, 47
278, 49
279, 49
280, 49
281, 49
282, 49
283, 49
284, 49
285, 49
286, 49
287, 49
288, 51
289, 51
290, 51
291, 51
292, 51
293, 51
294, 51
295, 51
296, 51
297, 51
298, 51
299, 51
300, 51
301, 51
302, 51
303, 51
304, 51
305, 51
306, 51
307, 51
308, 51
309, 51
310, 51
311, 51
312, 51
313, 51
314, 51
315, 51
316, 51
317, 51
318, 51
319, 51
320, 51
321, 51
322, 51
323, 51
324, 51
325, 51
326, 51
327, 51
328, 53
329, 53
330, 53
331, 53
332, 53
333, 53
334, 53
335, 53
336, 53
337, 53
338, 53
339, 53
340, 53
341, 53
342, 53
343, 53
344, 53
345, 53
346, 53
347, 53
348, 53
349, 53
350, 53
351, 53
352, 53
353, 53
354, 55
355, 55
356, 55
357, 55
358, 55
359, 55
360, 55
361, 55
362, 55
363, 55
364, 55
365, 55
366, 55
367, 55
368, 55
369, 55
370, 55
371, 55
372, 55
373, 55
374, 57
375, 57
376, 57
377, 57
378, 57
379, 57
380, 57
381, 57
382, 57
383, 57
384, 57
385, 57
386, 57
387, 57
388, 57
389, 57
390, 57
391, 57
392, 57
393, 57
394, 57
395, 57
396, 57
397, 57
398, 57
399, 57
400, 57
401, 57
402, 57
403, 57
404, 57
405, 57
406, 59
407, 59
408, 59
409, 59
410, 59
411, 59
412, 59
413, 59
414, 59
415, 59
416, 59
417, 59
418, 59
419, 59
420, 59
421, 59
422, 59
423, 59
424, 59
425, 59
426, 59
427, 59
428, 59
429, 59
430, 59
431, 59
432, 59
433, 59
434, 59
435, 59
436, 59
437, 59
438, 59
439, 59
440, 59
441, 59
442, 59
443, 59
444, 59
445, 59
446, 59
447, 59
448, 61
449, 61
450, 61
451, 61
452, 61
453, 61
454, 61
455, 61
456, 61
457, 61
458, 61
459, 61
460, 61
461, 61
462, 61
463, 61
464, 61
465, 61
466, 61
467, 61
468, 61
469, 61
470, 61
471, 63
472, 63
473, 63
474, 63
475, 63
476, 63
477, 63
478, 63
479, 63
480, 63
481, 63
482, 63
483, 63
484, 63
485, 63
486, 63
487, 63
488, 63
489, 63
490, 63
491, 63
492, 63
493, 63
494, 63
495, 65
496, 65
497, 65
498, 65
499, 65
500, 65
501, 65
502, 65
503, 65
504, 65
505, 65
506, 65
507, 65
508, 65
509, 65
510, 65
511, 65
512, 65
513, 65
514, 65
515, 65
516, 65
517, 65
518, 65
519, 65
520, 65
521, 65
522, 65
523, 65
524, 65
525, 65
526, 65
527, 65
528, 65
529, 65
530, 65
531, 65
532, 67
533, 67
534, 67
535, 67
536, 67
537, 67
538, 67
539, 67
540, 67
541, 67
542, 67
543, 69
544, 69
545, 69
546, 69
547, 69
548, 69
549, 69
550, 69
551, 69
552, 69
553, 69
554, 69
555, 69
556, 69
557, 69
558, 69
559, 69
560, 69
561, 69
562, 69
563, 69
564, 69
565, 69
566, 69
567, 69
568, 69
569, 69
570, 69
571, 69
572, 69
573, 69
574, 69
575, 69
576, 69
577, 69
578, 69
579, 69
580, 69
581, 69
582, 69
583, 69
584, 69
585, 69
586, 69
587, 69
588, 69
589, 69
590, 69
591, 69
592, 69
593, 69
594, 71
595, 71
596, 71
597, 71
598, 71
599, 71
600, 71
601, 71
602, 71
603, 71
604, 71
605, 71
606, 71
607, 71
608, 71
609, 71
610, 71
611, 71
612, 71
613, 71
614, 71
615, 71
616, 71
617, 71
618, 71
619, 71
620, 71
621, 71
622, 71
623, 71
624, 71
625, 71
626, 71
627, 71
628, 71
629, 71
630, 71
631, 71
632, 73
633, 73
634, 73
635, 73
636, 73
637, 73
638, 73
639, 73
640, 73
641, 73
642, 73
643, 73
644, 73
645, 73
646, 73
647, 73
648, 73
649, 73
650, 73
651, 73
652, 73
653, 73
654, 75
655, 75
656, 75
657, 75
658, 75
659, 75
660, 75
661, 75
662, 75
663, 75
664, 75
665, 75
666, 75
667, 75
668, 75
669, 75
670, 75
671, 75
672, 75
673, 75
674, 75
675, 75
676, 75
677, 75
678, 75
679, 75
680, 75
681, 75
682, 75
683, 75
684, 75
685, 75
686, 75
687, 75
688, 75
689, 75
690, 75
691, 75
692, 75
693, 75
694, 75
695, 75
696, 75
697, 75
698, 75
699, 75
700, 75
701, 75
702, 75
703, 75
704, 75
705, 75
706, 75
707, 75
708, 75
709, 75
710, 75
711, 75
712, 75
713, 75
714, 75
715, 75
716, 77
717, 77
718, 77
719, 77
720, 77
721, 77
722, 77
723, 77
724, 77
725, 77
726, 77
727, 77
728, 77
729, 77
730, 77
731, 77
732, 77
733, 77
734, 77
735, 77
736, 77
737, 77
738, 77
739, 77
740, 79
741, 79
742, 79
743, 79
744, 79
745, 79
746, 79
747, 79
748, 79
749, 79
750, 79
751, 79
752, 79
753, 79
754, 79
755, 79
756, 79
757, 79
758, 79
759, 79
760, 79
761, 79
762, 79
763, 79
764, 79
765, 79
766, 79
767, 79
768, 79
769, 79
770, 79
771, 79
772, 79
773, 79
774, 79
775, 79
776, 79
777, 79
778, 79
779, 79
780, 79
781, 79
782, 79
783, 79
784, 79
785, 79
786, 79
787, 81
788, 81
789, 81
790, 81
791, 81
792, 81
793, 81
794, 81
795, 81
796, 81
797, 81
798, 81
799, 81
800, 81
801, 81
802, 81
803, 81
804, 81
805, 81
806, 81
807, 81
808, 81
809, 81
810, 81
811, 81
812, 81
813, 81
814, 81
815, 81
816, 81
817, 81
818, 81
819, 81
820, 81
821, 81
822, 81
823, 81
824, 81
825, 81
826, 81
827, 81
828, 81
829, 81
830, 81
831, 81
832, 83
833, 83
834, 83
835, 83
836, 83
837, 83
838, 83
839, 83
840, 83
841, 83
842, 83
843, 83
844, 83
845, 83
846, 83
847, 83
848, 83
849, 83
850, 83
851, 83
852, 83
853, 83
854, 83
855, 83
856, 83
857, 83
858, 83
859, 83
860, 83
861, 83
862, 83
863, 83
864, 83
865, 83
866, 83
867, 83
868, 83
869, 83
870, 83
871, 83
872, 83
873, 83
874, 85
875, 85
876, 85
877, 85
878, 85
879, 85
880, 85
881, 85
882, 85
883, 85
884, 85
885, 85
886, 85
887, 85
888, 85
889, 85
890, 85
891, 85
892, 85
893, 85
894, 85
895, 85
896, 87
897, 87
898, 87
899, 87
900, 87
901, 87
902, 87
903, 87
904, 87
905, 87
906, 87
907, 87
908, 87
909, 87
910, 87
911, 87
912, 87
913, 87
914, 87
915, 87
916, 87
917, 87
918, 87
919, 87
920, 87
921, 87
922, 87
923, 87
924, 87
925, 87
926, 87
927, 87
928, 87
929, 87
930, 87
931, 87
932, 87
933, 87
934, 87
935, 87
936, 87
937, 87
938, 87
939, 87
940, 87
941, 89
942, 89
943, 89
944, 89
945, 89
946, 89
947, 89
948, 89
949, 89
950, 89
951, 89
952, 89
953, 89
954, 89
955, 89
956, 89
957, 89
958, 89
959, 89
960, 89
961, 89
962, 89
963, 89
964, 89
965, 89
966, 89
967, 89
968, 89
969, 89
970, 89
971, 89
972, 89
973, 89
974, 89
975, 89
976, 89
977, 89
978, 89
979, 89
980, 89
981, 89
982, 89
983, 89
984, 89
985, 89
986, 89
987, 89
988, 89
989, 89
990, 89
991, 89
992, 89
993, 89
994, 89
995, 89
996, 89
997, 89
998, 89
999, 89
1000, 89
1001, 89
1002, 89
1003, 89
1004, 89
1005, 89
1006, 89
1007, 89
1008, 89
1009, 89
1010, 89
1011, 89
1012, 89
1013, 89
1014, 89
1015, 89
1016, 89
1017, 89
1018, 91
1019, 91
1020, 91
1021, 91
1022, 91
1023, 91
1024, 91
1025, 91
1026, 91
1027, 91
1028, 91
1029, 91
1030, 91
1031, 91
1032, 91
1033, 91
1034, 93
1035, 93
1036, 93
1037, 93
1038, 93
1039, 93
1040, 93
1041, 93
1042, 93
1043, 93
1044, 93
1045, 93
1046, 93
1047, 93
1048, 93
1049, 93
1050, 93
1051, 93
1052, 93
1053, 93
1054, 93
1055, 93
1056, 93
1057, 93
1058, 93
1059, 93
1060, 93
1061, 93
1062, 93
1063, 93
1064, 93
1065, 93
1066, 93
1067, 93
1068, 93
1069, 93
1070, 93
1071, 93
1072, 93
1073, 93
1074, 93
1075, 93
1076, 93
1077, 93
1078, 93
1079, 93
1080, 93
1081, 93
1082, 93
1083, 93
1084, 93
1085, 93
1086, 93
1087, 95
1088, 95
1089, 95
1090, 95
1091, 95
1092, 95
1093, 95
1094, 95
1095, 95
1096, 95
1097, 95
1098, 95
1099, 95
1100, 95
1101, 95
1102, 95
1103, 95
1104, 95
1105, 95
1106, 95
1107, 95
1108, 95
1109, 95
1110, 95
1111, 95
1112, 95
1113, 95
1114, 95
1115, 95
1116, 95
1117, 95
1118, 95
1119, 95
1120, 95
1121, 95
1122, 95
1123, 95
1124, 95
1125, 95
1126, 95
1127, 95
1128, 95
1129, 95
1130, 95
1131, 95
1132, 95
1133, 95
1134, 95
1135, 95
1136, 95
1137, 95
1138, 95
1139, 95
1140, 95
1141, 95
1142, 95
1143, 95
1144, 95
1145, 95
1146, 95
1147, 95
1148, 95
1149, 95
1150, 95
1151, 95
1152, 95
1153, 95
1154, 97
1155, 97
1156, 97
1157, 97
1158, 97
1159, 97
1160, 97
1161, 97
1162, 97
1163, 97
1164, 97
1165, 97
1166, 97
1167, 99
1168, 99
1169, 99
1170, 99
1171, 99
1172, 99
1173, 99
1174, 99
1175, 99
1176, 99
1177, 99
1178, 99
1179, 99
1180, 99
1181, 99
1182, 99
1183, 99
1184, 99
1185, 99
1186, 99
1187, 99
1188, 99
1189, 99
1190, 99
1191, 99
1192, 99
1193, 99
1194, 99
1195, 99
1196, 99
1197, 99
1198, 99
1199, 99
1200, 99
1201, 99
1202, 99
1203, 99
1204, 99
1205, 99
1206, 99
1207, 99
1208, 99
1209, 99
1210, 99
1211, 99
1212, 99
1213, 99
1214, 99
1215, 99
1216, 99
1217, 99
1218, 99
1219, 99
1220, 99
1221, 99
1222, 99
1223, 99
1224, 99
1225, 99
1226, 99
1227, 99
1228, 101
1229, 101
1230, 101
1231, 101
1232, 101
1233, 101
1234, 101
1235, 101
1236, 101
1237, 101
1238, 101
1239, 101
1240, 101
1241, 101
1242, 101
1243, 101
1244, 101
1245, 101
1246, 101
1247, 101
1248, 101
1249, 101
1250, 101
1251, 101
1252, 101
1253, 101
1254, 101
1255, 101
1256, 101
1257, 101
1258, 101
1259, 101
1260, 101
1261, 101
1262, 101
1263, 101
1264, 101
1265, 101
1266, 101
1267, 103
1268, 103
1269, 103
1270, 103
1271, 103
1272, 103
1273, 103
1274, 103
1275, 103
1276, 103
1277, 103
1278, 103
1279, 103
1280, 103
1281, 103
1282, 103
1283, 103
1284, 103
1285, 103
1286, 103
1287, 103
1288, 103
1289, 103
1290, 103
1291, 103
1292, 103
1293, 103
1294, 103
1295, 103
1296, 103
1297, 103
1298, 103
1299, 103
1300, 103
1301, 103
1302, 103
1303, 103
1304, 103
1305, 103
1306, 103
1307, 103
1308, 103
1309, 103
1310, 103
1311, 103
1312, 103
1313, 103
1314, 103
1315, 103
1316, 103
1317, 103
1318, 103
1319, 103
1320, 103
1321, 103
1322, 103
1323, 103
1324, 103
1325, 103
1326, 103
1327, 105
1328, 105
1329, 105
1330, 105
1331, 105
1332, 105
1333, 105
1334, 105
1335, 105
1336, 105
1337, 105
1338, 105
1339, 105
1340, 105
1341, 105
1342, 105
1343, 105
1344, 105
1345, 105
1346, 105
1347, 105
1348, 105
1349, 105
1350, 105
1351, 105
1352, 105
1353, 105
1354, 105
1355, 105
1356, 105
1357, 105
1358, 107
1359, 107
1360, 107
1361, 107
1362, 107
1363, 107
1364, 107
1365, 107
1366, 107
1367, 107
1368, 107
1369, 107
1370, 107
1371, 107
1372, 107
1373, 107
1374, 107
1375, 107
1376, 107
1377, 107
1378, 107
1379, 107
1380, 107
1381, 107
1382, 107
1383, 107
1384, 107
1385, 107
1386, 107
1387, 107
1388, 107
1389, 107
1390, 107
1391, 107
1392, 107
1393, 107
1394, 107
1395, 107
1396, 107
1397, 107
1398, 107
1399, 107
1400, 107
1401, 107
1402, 107
1403, 107
1404, 107
1405, 107
1406, 107
1407, 107
1408, 107
1409, 107
1410, 107
1411, 107
1412, 107
1413, 109
1414, 109
1415, 109
1416, 109
1417, 109
1418, 109
1419, 109
1420, 109
1421, 109
1422, 109
1423, 109
1424, 109
1425, 109
1426, 109
1427, 109
1428, 109
1429, 109
1430, 109
1431, 109
1432, 109
1433, 109
1434, 109
1435, 109
1436, 109
1437, 109
1438, 109
1439, 109
1440, 109
1441, 109
1442, 109
1443, 109
1444, 109
1445, 109
1446, 109
1447, 109
1448, 109
1449, 109
1450, 111
1451, 111
1452, 111
1453, 111
1454, 111
1455, 111
1456, 111
1457, 111
1458, 111
1459, 111
1460, 111
1461, 111
1462, 111
1463, 111
1464, 111
1465, 111
1466, 111
1467, 111
1468, 111
1469, 111
1470, 111
1471, 111
1472, 111
1473, 111
1474, 111
1475, 111
1476, 111
1477, 111
1478, 111
1479, 111
1480, 111
1481, 111
1482, 111
1483, 111
1484, 111
1485, 111
1486, 111
1487, 111
1488, 111
1489, 111
1490, 111
1491, 111
1492, 111
1493, 111
1494, 111
1495, 111
1496, 111
1497, 111
1498, 111
1499, 111
1500, 111
1501, 111
1502, 111
1503, 111
1504, 111
1505, 111
1506, 111
1507, 111
1508, 111
1509, 111
1510, 111
1511, 111
1512, 111
1513, 111
1514, 111
1515, 111
1516, 111
1517, 111
1518, 111
1519, 111
1520, 111
1521, 111
1522, 111
1523, 111
1524, 111
1525, 111
1526, 111
1527, 111
1528, 111
1529, 111
1530, 111
1531, 113
1532, 113
1533, 113
1534, 113
1535, 113
1536, 113
1537, 113
1538, 113
1539, 113
1540, 113
1541, 113
1542, 113
1543, 113
1544, 113
1545, 113
1546, 113
1547, 113
1548, 113
1549, 113
1550, 113
1551, 113
1552, 113
1553, 113
1554, 113
1555, 113
1556, 113
1557, 113
1558, 113
1559, 113
1560, 113
1561, 113
1562, 113
1563, 113
1564, 113
1565, 113
1566, 115
1567, 115
1568, 115
1569, 115
1570, 115
1571, 115
1572, 115
1573, 115
1574, 115
1575, 115
1576, 115
1577, 115
1578, 115
1579, 115
1580, 115
1581, 115
1582, 115
1583, 115
1584, 115
1585, 115
1586, 115
1587, 115
1588, 115
1589, 115
1590, 115
1591, 115
1592, 115
1593, 115
1594, 115
1595, 115
1596, 115
1597, 115
1598, 115
1599, 115
1600, 115
1601, 115
1602, 115
1603, 115
1604, 115
1605, 115
1606, 115
1607, 115
1608, 115
1609, 115
1610, 115
1611, 115
1612, 115
1613, 115
1614, 115
1615, 115
1616, 115
1617, 115
1618, 115
1619, 115
1620, 115
1621, 115
1622, 115
1623, 115
1624, 115
1625, 115
1626, 115
1627, 115
1628, 115
1629, 115
1630, 115
1631, 115
1632, 115
1633, 115
1634, 115
1635, 115
1636, 115
1637, 115
1638, 115
1639, 115
1640, 115
1641, 115
1642, 115
1643, 115
1644, 115
1645, 115
1646, 115
1647, 115
1648, 115
1649, 115
1650, 115
1651, 115
1652, 115
1653, 115
1654, 115
1655, 115
1656, 117
1657, 117
1658, 117
1659, 117
1660, 117
1661, 117
1662, 117
1663, 117
1664, 117
1665, 117
1666, 117
1667, 117
1668, 117
1669, 117
1670, 117
1671, 117
1672, 117
1673, 117
1674, 117
1675, 117
1676, 117
1677, 117
1678, 117
1679, 117
1680, 117
1681, 117
1682, 117
1683, 119
1684, 119
1685, 119
1686, 119
1687, 119
1688, 119
1689, 119
1690, 119
1691, 119
1692, 119
1693, 119
1694, 119
1695, 119
1696, 119
1697, 119
1698, 119
1699, 119
1700, 119
1701, 119
1702, 119
1703, 119
1704, 119
1705, 119
1706, 119
1707, 119
1708, 119
1709, 119
1710, 119
1711, 119
1712, 119
1713, 119
1714, 119
1715, 119
1716, 119
1717, 119
1718, 119
1719, 119
1720, 119
1721, 119
1722, 119
1723, 119
1724, 119
1725, 119
1726, 119
1727, 119
1728, 119
1729, 119
1730, 119
1731, 119
1732, 119
1733, 119
1734, 119
1735, 119
1736, 119
1737, 119
1738, 119
1739, 119
1740, 119
1741, 119
1742, 119
1743, 119
1744, 119
1745, 119
1746, 119
1747, 119
1748, 119
1749, 119
1750, 119
1751, 119
1752, 119
1753, 119
1754, 119
1755, 119
1756, 121
1757, 121
1758, 121
1759, 121
1760, 121
1761, 121
1762, 121
1763, 121
1764, 121
1765, 121
1766, 121
1767, 121
1768, 121
1769, 121
1770, 121
1771, 121
1772, 121
1773, 121
1774, 121
1775, 121
1776, 121
1777, 121
1778, 121
1779, 121
1780, 121
1781, 121
1782, 121
1783, 121
1784, 121
1785, 121
1786, 121
1787, 121
1788, 121
1789, 121
1790, 121
1791, 121
1792, 121
1793, 121
1794, 121
1795, 121
1796, 121
1797, 121
1798, 121
1799, 121
1800, 123
1801, 123
1802, 123
1803, 123
1804, 123
1805, 123
1806, 123
1807, 123
1808, 123
1809, 123
1810, 123
1811, 123
1812, 123
1813, 123
1814, 123
1815, 123
1816, 123
1817, 123
1818, 123
1819, 123
1820, 123
1821, 123
1822, 123
1823, 123
1824, 123
1825, 123
1826, 123
1827, 123
1828, 123
1829, 123
1830, 123
1831, 123
1832, 123
1833, 123
1834, 123
1835, 123
1836, 123
1837, 123
1838, 123
1839, 123
1840, 123
1841, 123
1842, 123
1843, 123
1844, 123
1845, 123
1846, 123
1847, 123
1848, 123
1849, 123
1850, 123
1851, 123
1852, 123
1853, 123
1854, 123
1855, 123
1856, 123
1857, 123
1858, 123
1859, 123
1860, 123
1861, 123
1862, 123
1863, 123
1864, 123
1865, 123
1866, 123
1867, 123
1868, 123
1869, 123
1870, 123
1871, 123
1872, 123
1873, 123
1874, 123
1875, 123
1876, 123
1877, 123
1878, 123
1879, 123
1880, 123
1881, 123
1882, 123
1883, 123
1884, 123
1885, 123
1886, 123
1887, 123
1888, 123
1889, 123
1890, 123
1891, 123
1892, 123
1893, 123
1894, 123
1895, 123
1896, 123
1897, 123
1898, 123
1899, 123
1900, 123
1901, 123
1902, 123
1903, 123
1904, 123
1905, 123
1906, 123
1907, 123
1908, 123
1909, 123
1910, 123
1911, 123
1912, 123
1913, 123
1914, 123
1915, 123
1916, 123
1917, 123
1918, 123
1919, 123
1920, 125
1921, 125
1922, 125
1923, 125
1924, 125
1925, 125
1926, 125
1927, 125
1928, 125
1929, 125
1930, 125
1931, 125
1932, 125
1933, 125
1934, 127
1935, 127
1936, 127
1937, 127
1938, 127
1939, 127
1940, 127
1941, 127
1942, 127
1943, 127
1944, 127
1945, 129
1946, 129
1947, 129
1948, 129
1949, 129
1950, 129
1951, 129
1952, 129
1953, 129
1954, 129
1955, 129
1956, 129
1957, 129
1958, 129
1959, 129
1960, 129
1961, 129
1962, 129
1963, 129
1964, 129
1965, 129
1966, 129
1967, 129
1968, 129
1969, 129
1970, 129
1971, 129
1972, 129
1973, 129
1974, 129
1975, 129
1976, 129
1977, 129
1978, 129
1979, 129
1980, 129
1981, 129
1982, 129
1983, 129
1984, 129
1985, 129
1986, 129
1987, 129
1988, 129
1989, 129
1990, 129
1991, 129
1992, 129
1993, 129
1994, 129
1995, 129
1996, 129
1997, 129
1998, 129
1999, 129
2000, 129
2001, 129
2002, 129
2003, 129
2004, 129
2005, 129
2006, 129
2007, 129
2008, 129
2009, 129
2010, 129
2011, 129
2012, 129
2013, 129
2014, 129
2015, 129
2016, 129
2017, 129
2018, 129
2019, 129
2020, 129
2021, 129
2022, 129
2023, 129
2024, 129
2025, 129
2026, 129
2027, 129
2028, 129
2029, 129
2030, 129
2031, 129
2032, 129
2033, 129
2034, 129
2035, 129
2036, 129
2037, 129
2038, 129
2039, 129
2040, 129
2041, 129
2042, 129
2043, 129
2044, 129
2045, 129
2046, 129
2047, 129
2048, 129
2049, 129
2050, 129
2051, 129
2052, 129
2053, 129
2054, 129
2055, 129
2056, 129
2057, 129
2058, 129
2059, 129
2060, 129
2061, 129
2062, 129
2063, 129
2064, 129
2065, 129
2066, 129
2067, 129
2068, 129
2069, 129
2070, 129
2071, 131
2072, 131
2073, 131
2074, 131
2075, 131
2076, 131
2077, 131
2078, 131
2079, 131
2080, 131
2081, 131
2082, 131
2083, 131
2084, 131
2085, 131
2086, 131
2087, 131
2088, 131
2089, 131
2090, 131
2091, 131
2092, 131
2093, 131
2094, 131
2095, 131
2096, 131
2097, 131
2098, 131
2099, 131
2100, 131
2101, 131
2102, 131
2103, 131
2104, 131
2105, 131
2106, 131
2107, 131
2108, 131
2109, 131
2110, 131
2111, 131
2112, 131
2113, 131
2114, 131
2115, 131
2116, 131
2117, 131
2118, 131
2119, 131
2120, 131
2121, 131
2122, 131
2123, 131
2124, 131
2125, 131
2126, 131
2127, 131
2128, 131
2129, 131
2130, 131
2131, 131
2132, 131
2133, 131
2134, 131
2135, 131
2136, 131
2137, 131
2138, 131
2139, 131
2140, 131
2141, 131
2142, 131
2143, 131
2144, 131
2145, 131
2146, 131
2147, 131
2148, 131
2149, 131
2150, 131
2151, 131
2152, 131
2153, 131
2154, 131
2155, 131
2156, 131
2157, 131
2158, 131
2159, 133
2160, 133
2161, 133
2162, 133
2163, 133
2164, 133
2165, 133
2166, 133
2167, 133
2168, 133
2169, 133
2170, 133
2171, 133
2172, 133
2173, 133
2174, 133
2175, 133
2176, 133
2177, 133
2178, 133
2179, 133
2180, 133
2181, 133
2182, 133
2183, 133
2184, 133
2185, 133
2186, 133
2187, 133
2188, 133
2189, 133
2190, 133
2191, 133
2192, 133
2193, 133
2194, 133
2195, 133
2196, 135
2197, 135
2198, 135
2199, 135
2200, 135
2201, 135
2202, 135
2203, 135
2204, 135
2205, 135
2206, 135
2207, 135
2208, 135
2209, 135
2210, 135
2211, 135
2212, 135
2213, 135
2214, 135
2215, 135
2216, 135
2217, 135
2218, 135
2219, 135
2220, 135
2221, 135
2222, 135
2223, 135
2224, 135
2225, 135
2226, 135
2227, 135
2228, 135
2229, 135
2230, 135
2231, 135
2232, 135
2233, 135
2234, 135
2235, 135
2236, 135
2237, 135
2238, 135
2239, 135
2240, 135
2241, 135
2242, 135
2243, 135
2244, 135
2245, 135
2246, 135
2247, 135
2248, 135
2249, 135
2250, 135
2251, 135
2252, 137
2253, 137
2254, 137
2255, 137
2256, 137
2257, 137
2258, 137
2259, 137
2260, 137
2261, 137
2262, 137
2263, 137
2264, 137
2265, 137
2266, 137
2267, 137
2268, 137
2269, 137
2270, 137
2271, 137
2272, 137
2273, 137
2274, 137
2275, 137
2276, 137
2277, 137
2278, 137
2279, 137
2280, 137
2281, 137
2282, 137
2283, 137
2284, 137
2285, 137
2286, 137
2287, 137
2288, 137
2289, 137
2290, 137
2291, 137
2292, 137
2293, 137
2294, 137
2295, 137
2296, 137
2297, 137
2298, 137
2299, 137
2300, 137
2301, 137
2302, 137
2303, 137
2304, 137
2305, 137
2306, 137
2307, 137
2308, 137
2309, 137
2310, 137
2311, 137
2312, 137
2313, 137
2314, 137
2315, 137
2316, 137
2317, 137
2318, 137
2319, 137
2320, 137
2321, 137
2322, 137
2323, 137
2324, 137
2325, 137
2326, 137
2327, 137
2328, 137
2329, 137
2330, 137
2331, 137
2332, 137
2333, 137
2334, 137
2335, 137
2336, 137
2337, 137
2338, 137
2339, 137
2340, 137
2341, 137
2342, 137
2343, 137
2344, 137
2345, 137
2346, 137
2347, 137
2348, 137
2349, 137
2350, 137
2351, 137
2352, 137
2353, 137
2354, 137
2355, 137
2356, 137
2357, 137
2358, 137
2359, 137
2360, 137
2361, 137
2362, 137
2363, 139
2364, 139
2365, 139
2366, 139
2367, 139
2368, 139
2369, 139
2370, 139
2371, 139
2372, 139
2373, 139
2374, 139
2375, 139
2376, 139
2377, 139
2378, 141
2379, 141
2380, 141
2381, 141
2382, 141
2383, 141
2384, 141
2385, 141
2386, 141
2387, 141
2388, 141
2389, 141
2390, 141
2391, 141
2392, 141
2393, 141
2394, 141
2395, 141
2396, 141
2397, 141
2398, 141
2399, 141
2400, 141
2401, 141
2402, 141
2403, 141
2404, 141
2405, 141
2406, 141
2407, 141
2408, 141
2409, 141
2410, 141
2411, 141
2412, 141
2413, 141
2414, 141
2415, 141
2416, 141
2417, 141
2418, 141
2419, 141
2420, 141
2421, 143
2422, 143
2423, 143
2424, 143
2425, 143
2426, 143
2427, 143
2428, 143
2429, 143
2430, 143
2431, 143
2432, 143
2433, 143
2434, 143
2435, 143
2436, 143
2437, 143
2438, 143
2439, 143
2440, 143
2441, 143
2442, 143
2443, 143
2444, 143
2445, 143
2446, 143
2447, 143
2448, 143
2449, 143
2450, 143
2451, 143
2452, 143
2453, 143
2454, 143
2455, 143
2456, 143
2457, 143
2458, 143
2459, 143
2460, 143
2461, 143
2462, 143
2463, 143
2464, 143
2465, 143
2466, 143
2467, 143
2468, 143
2469, 143
2470, 143
2471, 143
2472, 143
2473, 143
2474, 143
2475, 143
2476, 143
2477, 143
2478, 143
2479, 143
2480, 143
2481, 143
2482, 143
2483, 143
2484, 143
2485, 143
2486, 143
2487, 143
2488, 143
2489, 143
2490, 143
2491, 143
2492, 143
2493, 143
2494, 143
2495, 143
2496, 143
2497, 143
2498, 143
2499, 143
2500, 143
2501, 143
2502, 143
2503, 143
2504, 143
2505, 143
2506, 143
2507, 143
2508, 143
2509, 143
2510, 143
2511, 143
2512, 143
2513, 143
2514, 143
2515, 143
2516, 143
2517, 143
2518, 143
2519, 143
2520, 143
2521, 143
2522, 143
2523, 143
2524, 143
2525, 143
2526, 143
2527, 143
2528, 143
2529, 143
2530, 143
2531, 143
2532, 143
2533, 143
2534, 143
2535, 143
2536, 143
2537, 143
2538, 145
2539, 145
2540, 145
2541, 145
2542, 145
2543, 145
2544, 145
2545, 145
2546, 145
2547, 145
2548, 145
2549, 145
2550, 145
2551, 145
2552, 145
2553, 145
2554, 145
2555, 145
2556, 145
2557, 145
2558, 145
2559, 145
2560, 145
2561, 145
2562, 145
2563, 145
2564, 145
2565, 145
2566, 145
2567, 145
2568, 145
2569, 145
2570, 145
2571, 145
2572, 145
2573, 145
2574, 145
2575, 145
2576, 145
2577, 145
2578, 145
2579, 145
2580, 145
2581, 145
2582, 145
2583, 147
2584, 147
2585, 147
2586, 147
2587, 147
2588, 147
2589, 147
2590, 147
2591, 147
2592, 147
2593, 147
2594, 147
2595, 147
2596, 147
2597, 147
2598, 147
2599, 147
2600, 147
2601, 147
2602, 147
2603, 147
2604, 147
2605, 147
2606, 147
2607, 147
2608, 147
2609, 147
2610, 147
2611, 147
2612, 147
2613, 147
2614, 147
2615, 147
2616, 147
2617, 147
2618, 147
2619, 147
2620, 147
2621, 147
2622, 147
2623, 147
2624, 147
2625, 147
2626, 147
2627, 147
2628, 147
2629, 147
2630, 147
2631, 147
2632, 147
2633, 147
2634, 147
2635, 147
2636, 147
2637, 147
2638, 147
2639, 147
2640, 147
2641, 147
2642, 147
2643, 147
2644, 147
2645, 147
2646, 147
2647, 147
2648, 147
2649, 149
2650, 149
2651, 149
2652, 149
2653, 149
2654, 149
2655, 149
2656, 149
2657, 149
2658, 149
2659, 149
2660, 149
2661, 149
2662, 149
2663, 149
2664, 149
2665, 149
2666, 149
2667, 149
2668, 149
2669, 149
2670, 149
2671, 149
2672, 149
2673, 149
2674, 149
2675, 149
2676, 149
2677, 149
2678, 149
2679, 149
2680, 149
2681, 149
2682, 149
2683, 149
2684, 149
2685, 149
2686, 149
2687, 149
2688, 149
2689, 149
2690, 149
2691, 149
2692, 149
2693, 149
2694, 149
2695, 149
2696, 149
2697, 149
2698, 149
2699, 149
2700, 149
2701, 149
2702, 149
2703, 149
2704, 149
2705, 149
2706, 149
2707, 149
2708, 149
2709, 149
2710, 149
2711, 149
2712, 149
2713, 149
2714, 149
2715, 149
2716, 149
2717, 149
2718, 149
2719, 149
2720, 149
2721, 149
2722, 149
2723, 149
2724, 149
2725, 149
2726, 149
2727, 149
2728, 149
2729, 149
2730, 149
2731, 149
2732, 149
2733, 149
2734, 149
2735, 149
2736, 149
2737, 149
2738, 149
2739, 149
2740, 149
2741, 149
2742, 149
2743, 149
2744, 149
2745, 149
2746, 149
2747, 149
2748, 149
2749, 149
2750, 149
2751, 149
2752, 149
2753, 149
2754, 149
2755, 149
2756, 149
2757, 149
2758, 149
2759, 149
2760, 149
2761, 149
2762, 149
2763, 149
2764, 149
2765, 149
2766, 149
2767, 149
2768, 149
2769, 149
2770, 149
2771, 149
2772, 149
2773, 149
2774, 149
2775, 149
2776, 149
2777, 149
2778, 149
2779, 149
2780, 149
2781, 149
2782, 149
2783, 149
2784, 149
2785, 149
2786, 149
2787, 149
2788, 149
2789, 149
2790, 149
2791, 149
2792, 149
2793, 149
2794, 149
2795, 149
2796, 149
2797, 149
2798, 149
2799, 149
2800, 149
2801, 149
2802, 149
2803, 149
2804, 149
2805, 149
2806, 149
2807, 149
2808, 149
2809, 149
2810, 149
2811, 149
2812, 149
2813, 149
2814, 149
2815, 149
2816, 149
2817, 149
2818, 151
2819, 151
2820, 151
2821, 151
2822, 151
2823, 151
2824, 151
2825, 151
2826, 151
2827, 153
2828, 153
2829, 153
2830, 153
2831, 153
2832, 153
2833, 153
2834, 153
2835, 153
2836, 153
2837, 153
2838, 153
2839, 153
2840, 153
2841, 153
2842, 153
2843, 153
2844, 153
2845, 153
2846, 153
2847, 153
2848, 153
2849, 153
2850, 153
2851, 153
2852, 153
2853, 153
2854, 153
2855, 153
2856, 153
2857, 153
2858, 153
2859, 153
2860, 153
2861, 153
2862, 153
2863, 153
2864, 153
2865, 153
2866, 153
2867, 153
2868, 153
2869, 153
2870, 153
2871, 153
2872, 153
2873, 153
2874, 153
2875, 153
2876, 153
2877, 153
2878, 153
2879, 153
2880, 153
2881, 153
2882, 153
2883, 153
2884, 153
2885, 153
2886, 153
2887, 153
2888, 153
2889, 153
2890, 153
2891, 153
2892, 153
2893, 153
2894, 153
2895, 153
2896, 153
2897, 153
2898, 153
2899, 153
2900, 153
2901, 153
2902, 153
2903, 153
2904, 153
2905, 153
2906, 155
2907, 155
2908, 155
2909, 155
2910, 155
2911, 155
2912, 155
2913, 155
2914, 155
2915, 155
2916, 155
2917, 155
2918, 155
2919, 155
2920, 155
2921, 155
2922, 155
2923, 155
2924, 155
2925, 155
2926, 155
2927, 155
2928, 155
2929, 155
2930, 155
2931, 155
2932, 155
2933, 155
2934, 155
2935, 155
2936, 155
2937, 155
2938, 155
2939, 155
2940, 155
2941, 155
2942, 155
2943, 155
2944, 155
2945, 155
2946, 155
2947, 155
2948, 155
2949, 155
2950, 155
2951, 155
2952, 155
2953, 155
2954, 155
2955, 155
2956, 155
2957, 155
2958, 155
2959, 155
2960, 155
2961, 155
2962, 155
2963, 155
2964, 155
2965, 155
2966, 155
2967, 155
2968, 155
2969, 155
2970, 155
2971, 155
2972, 155
2973, 155
2974, 155
2975, 155
2976, 155
2977, 155
2978, 155
2979, 155
2980, 155
2981, 155
2982, 155
2983, 155
2984, 155
2985, 155
2986, 155
2987, 155
2988, 155
2989, 155
2990, 155
2991, 155
2992, 155
2993, 155
2994, 155
2995, 155
2996, 155
2997, 155
2998, 155
2999, 155
3000, 155
3001, 155
3002, 155
3003, 155
3004, 155
3005, 155
3006, 157
3007, 157
3008, 157
3009, 157
3010, 157
3011, 157
3012, 157
3013, 157
3014, 157
3015, 157
3016, 157
3017, 157
3018, 157
3019, 157
3020, 157
3021, 157
3022, 157
3023, 157
3024, 157
3025, 157
3026, 157
3027, 157
3028, 157
3029, 157
3030, 157
3031, 157
3032, 157
3033, 157
3034, 157
3035, 157
3036, 157
3037, 157
3038, 157
3039, 157
3040, 157
3041, 157
3042, 157
3043, 157
3044, 157
3045, 157
3046, 157
3047, 157
3048, 157
3049, 157
3050, 157
3051, 157
3052, 157
3053, 157
3054, 157
3055, 157
3056, 157
3057, 157
3058, 157
3059, 157
3060, 157
3061, 157
3062, 157
3063, 157
3064, 157
3065, 157
3066, 157
3067, 157
3068, 157
3069, 157
3070, 157
3071, 157
3072, 157
3073, 157
3074, 157
3075, 157
3076, 157
3077, 157
3078, 157
3079, 157
3080, 157
3081, 157
3082, 157
3083, 157
3084, 157
3085, 157
3086, 157
3087, 157
3088, 157
3089, 157
3090, 157
3091, 157
3092, 157
3093, 157
3094, 157
3095, 157
3096, 157
3097, 157
3098, 157
3099, 157
3100, 157
3101, 157
3102, 157
3103, 157
3104, 157
3105, 159
3106, 159
3107, 159
3108, 159
3109, 159
3110, 159
3111, 159
3112, 159
3113, 159
3114, 159
3115, 159
3116, 159
3117, 159
3118, 159
3119, 159
3120, 159
3121, 159
3122, 159
3123, 159
3124, 159
3125, 159
3126, 159
3127, 159
3128, 159
3129, 159
3130, 159
3131, 159
3132, 159
3133, 159
3134, 159
3135, 159
3136, 159
3137, 159
3138, 159
3139, 159
3140, 159
3141, 159
3142, 159
3143, 159
3144, 159
3145, 159
3146, 161
3147, 161
3148, 161
3149, 161
3150, 161
3151, 161
3152, 161
3153, 161
3154, 161
3155, 161
3156, 161
3157, 161
3158, 161
3159, 161
3160, 161
3161, 161
3162, 161
3163, 161
3164, 161
3165, 161
3166, 161
3167, 161
3168, 161
3169, 161
3170, 161
3171, 161
3172, 161
3173, 161
3174, 161
3175, 161
3176, 161
3177, 161
3178, 161
3179, 161
3180, 161
3181, 161
3182, 161
3183, 161
3184, 161
3185, 161
3186, 161
3187, 161
3188, 161
3189, 161
3190, 161
3191, 161
3192, 161
3193, 161
3194, 161
3195, 163
3196, 163
3197, 163
3198, 163
3199, 163
3200, 163
3201, 163
3202, 163
3203, 163
3204, 163
3205, 163
3206, 163
3207, 163
3208, 163
3209, 163
3210, 163
3211, 163
3212, 163
3213, 163
3214, 163
3215, 163
3216, 163
3217, 163
3218, 163
3219, 163
3220, 163
3221, 163
3222, 163
3223, 163
3224, 163
3225, 163
3226, 163
3227, 163
3228, 163
3229, 163
3230, 163
3231, 163
3232, 163
3233, 163
3234, 163
3235, 163
3236, 163
3237, 163
3238, 163
3239, 163
3240, 163
3241, 163
3242, 163
3243, 163
3244, 163
3245, 163
3246, 163
3247, 163
3248, 163
3249, 163
3250, 163
3251, 163
3252, 163
3253, 163
3254, 163
3255, 163
3256, 163
3257, 163
3258, 163
3259, 163
3260, 163
3261, 163
3262, 163
3263, 163
3264, 163
3265, 163
3266, 163
3267, 163
3268, 163
3269, 163
3270, 163
3271, 163
3272, 163
3273, 163
3274, 163
3275, 163
3276, 163
3277, 163
3278, 163
3279, 163
3280, 163
3281, 163
3282, 163
3283, 163
3284, 163
3285, 163
3286, 163
3287, 163
3288, 163
3289, 163
3290, 163
3291, 163
3292, 163
3293, 163
3294, 163
3295, 163
3296, 163
3297, 163
3298, 163
3299, 163
3300, 163
3301, 163
3302, 163
3303, 165
3304, 165
3305, 165
3306, 165
3307, 165
3308, 165
3309, 165
3310, 165
3311, 165
3312, 165
3313, 165
3314, 165
3315, 165
3316, 165
3317, 165
3318, 165
3319, 165
3320, 165
3321, 165
3322, 165
3323, 165
3324, 165
3325, 165
3326, 165
3327, 165
3328, 165
3329, 165
3330, 165
3331, 165
3332, 165
3333, 165
3334, 165
3335, 165
3336, 165
3337, 165
3338, 165
3339, 165
3340, 165
3341, 165
3342, 165
3343, 165
3344, 165
3345, 165
3346, 165
3347, 165
3348, 165
3349, 165
3350, 165
3351, 165
3352, 165
3353, 165
3354, 165
3355, 165
3356, 165
3357, 165
3358, 165
3359, 165
3360, 165
3361, 165
3362, 165
3363, 165
3364, 165
3365, 165
3366, 165
3367, 165
3368, 165
3369, 165
3370, 165
3371, 165
3372, 165
3373, 165
3374, 165
3375, 165
3376, 165
3377, 165
3378, 165
3379, 165
3380, 165
3381, 165
3382, 165
3383, 165
3384, 167
3385, 167
3386, 167
3387, 167
3388, 167
3389, 167
3390, 167
3391, 167
3392, 167
3393, 167
3394, 167
3395, 167
3396, 167
3397, 167
3398, 167
3399, 167
3400, 167
3401, 167
3402, 167
3403, 167
3404, 167
3405, 167
3406, 167
3407, 167
3408, 167
3409, 167
3410, 167
3411, 167
3412, 167
3413, 167
3414, 167
3415, 167
3416, 167
3417, 167
3418, 167
3419, 167
3420, 167
3421, 167
3422, 167
3423, 167
3424, 167
3425, 167
3426, 167
3427, 167
3428, 169
3429, 169
3430, 169
3431, 169
3432, 169
3433, 169
3434, 169
3435, 169
3436, 169
3437, 169
3438, 169
3439, 169
3440, 169
3441, 169
3442, 169
3443, 169
3444, 169
3445, 169
3446, 169
3447, 169
3448, 169
3449, 169
3450, 169
3451, 169
3452, 169
3453, 169
3454, 169
3455, 169
3456, 169
3457, 169
3458, 169
3459, 169
3460, 169
3461, 169
3462, 169
3463, 169
3464, 169
3465, 169
3466, 169
3467, 169
3468, 169
3469, 169
3470, 169
3471, 169
3472, 169
3473, 169
3474, 169
3475, 169
3476, 169
3477, 169
3478, 169
3479, 169
3480, 169
3481, 169
3482, 169
3483, 169
3484, 169
3485, 169
3486, 169
3487, 169
3488, 169
3489, 169
3490, 169
3491, 169
3492, 169
3493, 169
3494, 171
3495, 171
3496, 171
3497, 171
3498, 171
3499, 171
3500, 171
3501, 171
3502, 171
3503, 171
3504, 171
3505, 171
3506, 171
3507, 171
3508, 171
3509, 171
3510, 171
3511, 171
3512, 171
3513, 171
3514, 171
3515, 171
3516, 171
3517, 171
3518, 171
3519, 171
3520, 171
3521, 171
3522, 171
3523, 171
3524, 171
3525, 171
3526, 171
3527, 171
3528, 171
3529, 171
3530, 171
3531, 171
3532, 171
3533, 171
3534, 171
3535, 171
3536, 171
3537, 171
3538, 171
3539, 171
3540, 171
3541, 171
3542, 171
3543, 171
3544, 171
3545, 171
3546, 171
3547, 171
3548, 171
3549, 171
3550, 171
3551, 171
3552, 171
3553, 171
3554, 171
3555, 171
3556, 171
3557, 171
3558, 171
3559, 171
3560, 171
3561, 171
3562, 171
3563, 171
3564, 171
3565, 171
3566, 171
3567, 171
3568, 171
3569, 171
3570, 171
3571, 171
3572, 171
3573, 171
3574, 171
3575, 171
3576, 171
3577, 171
3578, 171
3579, 171
3580, 171
3581, 171
3582, 171
3583, 171
3584, 171
3585, 171
3586, 173
3587, 173
3588, 173
3589, 173
3590, 173
3591, 173
3592, 173
3593, 173
3594, 173
3595, 173
3596, 173
3597, 173
3598, 173
3599, 173
3600, 173
3601, 173
3602, 173
3603, 173
3604, 173
3605, 173
3606, 173
3607, 173
3608, 173
3609, 173
3610, 173
3611, 173
3612, 173
3613, 173
3614, 173
3615, 173
3616, 173
3617, 173
3618, 173
3619, 173
3620, 173
3621, 173
3622, 173
3623, 173
3624, 173
3625, 173
3626, 173
3627, 173
3628, 173
3629, 173
3630, 173
3631, 173
3632, 173
3633, 173
3634, 173
3635, 173
3636, 173
3637, 173
3638, 173
3639, 173
3640, 173
3641, 173
3642, 173
3643, 173
3644, 173
3645, 173
3646, 173
3647, 173
3648, 173
3649, 173
3650, 173
3651, 173
3652, 173
3653, 173
3654, 173
3655, 173
3656, 173
3657, 173
3658, 173
3659, 173
3660, 173
3661, 173
3662, 173
3663, 173
3664, 173
3665, 173
3666, 173
3667, 173
3668, 173
3669, 173
3670, 173
3671, 173
3672, 173
3673, 173
3674, 173
3675, 173
3676, 173
3677, 173
3678, 173
3679, 173
3680, 173
3681, 173
3682, 173
3683, 173
3684, 173
3685, 173
3686, 173
3687, 173
3688, 175
3689, 175
3690, 175
3691, 175
3692, 175
3693, 175
3694, 175
3695, 175
3696, 175
3697, 175
3698, 175
3699, 175
3700, 175
3701, 175
3702, 175
3703, 175
3704, 175
3705, 175
3706, 175
3707, 175
3708, 175
3709, 175
3710, 175
3711, 175
3712, 175
3713, 175
3714, 175
3715, 175
3716, 175
3717, 175
3718, 175
3719, 175
3720, 175
3721, 175
3722, 175
3723, 175
3724, 175
3725, 175
3726, 175
3727, 175
3728, 175
3729, 175
3730, 175
3731, 175
3732, 175
3733, 175
3734, 175
3735, 175
3736, 175
3737, 175
3738, 175
3739, 175
3740, 175
3741, 175
3742, 175
3743, 175
3744, 175
3745, 175
3746, 175
3747, 175
3748, 175
3749, 175
3750, 175
3751, 177
3752, 177
3753, 177
3754, 177
3755, 177
3756, 177
3757, 177
3758, 177
3759, 177
3760, 177
3761, 177
3762, 177
3763, 177
3764, 177
3765, 177
3766, 177
3767, 177
3768, 177
3769, 177
3770, 177
3771, 177
3772, 177
3773, 177
3774, 177
3775, 177
3776, 177
3777, 177
3778, 177
3779, 177
3780, 177
3781, 177
3782, 177
3783, 177
3784, 177
3785, 177
3786, 177
3787, 177
3788, 177
3789, 177
3790, 177
3791, 177
3792, 177
3793, 177
3794, 177
3795, 177
3796, 177
3797, 177
3798, 177
3799, 177
3800, 177
3801, 177
3802, 177
3803, 177
3804, 177
3805, 177
3806, 177
3807, 177
3808, 177
3809, 177
3810, 177
3811, 177
3812, 177
3813, 177
3814, 177
3815, 177
3816, 177
3817, 177
3818, 177
3819, 177
3820, 177
3821, 177
3822, 177
3823, 177
3824, 177
3825, 177
3826, 177
3827, 177
3828, 177
3829, 177
3830, 177
3831, 177
3832, 177
3833, 177
3834, 177
3835, 177
3836, 177
3837, 177
3838, 177
3839, 177
3840, 177
3841, 177
3842, 177
3843, 177
3844, 177
3845, 177
3846, 177
3847, 177
3848, 177
3849, 177
3850, 177
3851, 177
3852, 177
3853, 177
3854, 177
3855, 177
3856, 177
3857, 177
3858, 177
3859, 177
3860, 177
3861, 177
3862, 177
3863, 177
3864, 177
3865, 179
3866, 179
3867, 179
3868, 179
3869, 179
3870, 179
3871, 179
3872, 179
3873, 179
3874, 179
3875, 179
3876, 179
3877, 179
3878, 179
3879, 179
3880, 179
3881, 179
3882, 179
3883, 179
3884, 179
3885, 179
3886, 179
3887, 179
3888, 179
3889, 179
3890, 179
3891, 179
3892, 179
3893, 179
3894, 179
3895, 179
3896, 179
3897, 179
3898, 179
3899, 179
3900, 179
3901, 179
3902, 179
3903, 179
3904, 179
3905, 179
3906, 179
3907, 179
3908, 179
3909, 179
3910, 179
3911, 179
3912, 179
3913, 179
3914, 179
3915, 179
3916, 179
3917, 179
3918, 179
3919, 179
3920, 179
3921, 179
3922, 179
3923, 179
3924, 179
3925, 179
3926, 179
3927, 179
3928, 179
3929, 179
3930, 179
3931, 179
3932, 179
3933, 179
3934, 179
3935, 179
3936, 179
3937, 179
3938, 179
3939, 179
3940, 179
3941, 179
3942, 179
3943, 179
3944, 179
3945, 179
3946, 179
3947, 179
3948, 179
3949, 179
3950, 179
3951, 179
3952, 179
3953, 179
3954, 179
3955, 179
3956, 179
3957, 179
3958, 179
3959, 179
3960, 179
3961, 179
3962, 179
3963, 179
3964, 179
3965, 179
3966, 179
3967, 179
3968, 179
3969, 179
3970, 179
3971, 179
3972, 179
3973, 179
3974, 179
3975, 179
3976, 179
3977, 181
3978, 181
3979, 181
3980, 181
3981, 181
3982, 181
3983, 181
3984, 181
3985, 181
3986, 181
3987, 181
3988, 181
3989, 181
3990, 181
3991, 181
3992, 181
3993, 181
3994, 181
3995, 181
3996, 181
3997, 181
3998, 181
3999, 181
4000, 181
4001, 181
4002, 181
4003, 181
4004, 181
4005, 181
4006, 181
4007, 181
4008, 181
4009, 181
4010, 181
4011, 181
4012, 181
4013, 181
4014, 181
4015, 181
4016, 181
4017, 181
4018, 181
4019, 181
4020, 181
4021, 181
4022, 181
4023, 181
4024, 181
4025, 181
4026, 181
4027, 181
4028, 181
4029, 181
4030, 181
4031, 181
4032, 181
4033, 181
4034, 181
4035, 181
4036, 181
4037, 181
4038, 181
4039, 181
4040, 181
4041, 181
4042, 181
4043, 181
4044, 181
4045, 181
4046, 181
4047, 181
4048, 181
4049, 183
4050, 183
4051, 183
4052, 183
4053, 183
4054, 183
4055, 183
4056, 183
4057, 183
4058, 183
4059, 183
4060, 183
4061, 183
4062, 183
4063, 183
4064, 183
4065, 183
4066, 183
4067, 183
4068, 183
4069, 183
4070, 183
4071, 183
4072, 183
4073, 183
4074, 183
4075, 183
4076, 183
4077, 183
4078, 183
4079, 183
4080, 183
4081, 183
4082, 183
4083, 183
4084, 183
4085, 183
4086, 183
4087, 183
4088, 183
4089, 183
4090, 183
4091, 183
4092, 183
4093, 183
4094, 183
4095, 183
4096, 183
4097, 183
4098, 183
4099, 183
4100, 183
4101, 183
4102, 183
4103, 183
4104, 183
4105, 183
4106, 183
4107, 183
4108, 183
4109, 183
4110, 183
4111, 183
4112, 183
4113, 183
4114, 183
4115, 183
4116, 183
4117, 183
4118, 183
4119, 183
4120, 183
4121, 183
4122, 183
4123, 183
4124, 183
4125, 183
4126, 183
4127, 183
4128, 183
4129, 183
4130, 183
4131, 183
4132, 183
4133, 183
4134, 183
4135, 183
4136, 183
4137, 183
4138, 183
4139, 183
4140, 183
4141, 183
4142, 183
4143, 183
4144, 183
4145, 183
4146, 183
4147, 183
4148, 183
4149, 183
4150, 185
4151, 185
4152, 185
4153, 185
4154, 185
4155, 185
4156, 185
4157, 185
4158, 185
4159, 185
4160, 185
4161, 185
4162, 185
4163, 185
4164, 185
4165, 185
4166, 185
4167, 185
4168, 185
4169, 185
4170, 185
4171, 185
4172, 185
4173, 185
4174, 185
4175, 185
4176, 185
4177, 185
4178, 185
4179, 185
4180, 185
4181, 185
4182, 185
4183, 185
4184, 185
4185, 185
4186, 185
4187, 185
4188, 185
4189, 185
4190, 185
4191, 185
4192, 185
4193, 185
4194, 185
4195, 185
4196, 185
4197, 185
4198, 185
4199, 185
4200, 185
4201, 185
4202, 185
4203, 185
4204, 185
4205, 185
4206, 185
4207, 185
4208, 185
4209, 185
4210, 185
4211, 185
4212, 185
4213, 185
4214, 185
4215, 185
4216, 185
4217, 185
4218, 185
4219, 185
4220, 185
4221, 185
4222, 185
4223, 185
4224, 185
4225, 185
4226, 185
4227, 185
4228, 185
4229, 185
4230, 185
4231, 187
4232, 187
4233, 187
4234, 187
4235, 187
4236, 187
4237, 187
4238, 187
4239, 187
4240, 187
4241, 187
4242, 187
4243, 187
4244, 187
4245, 187
4246, 187
4247, 187
4248, 187
4249, 187
4250, 187
4251, 187
4252, 187
4253, 187
4254, 187
4255, 187
4256, 187
4257, 187
4258, 187
4259, 187
4260, 187
4261, 187
4262, 187
4263, 187
4264, 187
4265, 187
4266, 187
4267, 187
4268, 187
4269, 187
4270, 187
4271, 187
4272, 187
4273, 187
4274, 187
4275, 187
4276, 187
4277, 187
4278, 187
4279, 187
4280, 187
4281, 187
4282, 187
4283, 187
4284, 187
4285, 187
4286, 187
4287, 187
4288, 187
4289, 187
4290, 187
4291, 187
4292, 187
4293, 187
4294, 187
4295, 187
4296, 187
4297, 187
4298, 187
4299, 187
4300, 187
4301, 187
4302, 187
4303, 187
4304, 187
4305, 187
4306, 187
4307, 187
4308, 187
4309, 187
4310, 187
4311, 187
4312, 187
4313, 187
4314, 187
4315, 187
4316, 189
4317, 189
4318, 189
4319, 189
4320, 189
4321, 189
4322, 189
4323, 189
4324, 189
4325, 189
4326, 189
4327, 189
4328, 189
4329, 189
4330, 189
4331, 189
4332, 189
4333, 189
4334, 189
4335, 189
4336, 189
4337, 189
4338, 189
4339, 189
4340, 189
4341, 189
4342, 189
4343, 189
4344, 189
4345, 189
4346, 189
4347, 189
4348, 189
4349, 189
4350, 189
4351, 189
4352, 189
4353, 189
4354, 189
4355, 189
4356, 189
4357, 189
4358, 189
4359, 189
4360, 189
4361, 189
4362, 189
4363, 189
4364, 189
4365, 189
4366, 189
4367, 189
4368, 189
4369, 189
4370, 189
4371, 189
4372, 189
4373, 189
4374, 189
4375, 189
4376, 189
4377, 189
4378, 189
4379, 189
4380, 189
4381, 189
4382, 189
4383, 189
4384, 189
4385, 189
4386, 189
4387, 189
4388, 189
4389, 189
4390, 189
4391, 189
4392, 189
4393, 189
4394, 189
4395, 189
4396, 189
4397, 189
4398, 189
4399, 189
4400, 189
4401, 189
4402, 189
4403, 189
4404, 189
4405, 189
4406, 189
4407, 189
4408, 189
4409, 189
4410, 189
4411, 189
4412, 189
4413, 189
4414, 189
4415, 189
4416, 189
4417, 189
4418, 189
4419, 189
4420, 189
4421, 189
4422, 189
4423, 189
4424, 189
4425, 189
4426, 189
4427, 189
4428, 189
4429, 189
4430, 189
4431, 189
4432, 189
4433, 189
4434, 189
4435, 189
4436, 189
4437, 189
4438, 189
4439, 189
4440, 189
4441, 189
4442, 189
4443, 189
4444, 189
4445, 189
4446, 189
4447, 189
4448, 189
4449, 189
4450, 191
4451, 191
4452, 191
4453, 191
4454, 191
4455, 191
4456, 191
4457, 191
4458, 191
4459, 191
4460, 191
4461, 191
4462, 191
4463, 191
4464, 191
4465, 191
4466, 191
4467, 191
4468, 191
4469, 191
4470, 191
4471, 191
4472, 191
4473, 191
4474, 191
4475, 191
4476, 191
4477, 191
4478, 191
4479, 191
4480, 191
4481, 191
4482, 191
4483, 191
4484, 191
4485, 191
4486, 191
4487, 191
4488, 191
4489, 191
4490, 191
4491, 191
4492, 191
4493, 191
4494, 191
4495, 191
4496, 191
4497, 191
4498, 191
4499, 191
4500, 191
4501, 191
4502, 191
4503, 191
4504, 191
4505, 191
4506, 191
4507, 191
4508, 191
4509, 191
4510, 191
4511, 191
4512, 191
4513, 191
4514, 191
4515, 191
4516, 191
4517, 191
4518, 191
4519, 191
4520, 191
4521, 191
4522, 191
4523, 191
4524, 191
4525, 191
4526, 191
4527, 191
4528, 191
4529, 191
4530, 191
4531, 191
4532, 191
4533, 191
4534, 191
4535, 191
4536, 191
4537, 191
4538, 191
4539, 191
4540, 191
4541, 191
4542, 191
4543, 191
4544, 191
4545, 191
4546, 191
4547, 191
4548, 191
4549, 191
4550, 191
4551, 191
4552, 191
4553, 191
4554, 191
4555, 191
4556, 191
4557, 191
4558, 191
4559, 191
4560, 191
4561, 191
4562, 191
4563, 191
4564, 191
4565, 191
4566, 191
4567, 191
4568, 191
4569, 191
4570, 191
4571, 191
4572, 191
4573, 191
4574, 193
4575, 193
4576, 193
4577, 193
4578, 193
4579, 193
4580, 193
4581, 193
4582, 193
4583, 193
4584, 193
4585, 193
4586, 193
4587, 193
4588, 193
4589, 193
4590, 193
4591, 193
4592, 193
4593, 195
4594, 195
4595, 195
4596, 195
4597, 195
4598, 195
4599, 195
4600, 195
4601, 195
4602, 195
4603, 195
4604, 195
4605, 195
4606, 195
4607, 195
4608, 195
4609, 195
4610, 195
4611, 195
4612, 195
4613, 195
4614, 195
4615, 195
4616, 195
4617, 195
4618, 195
4619, 195
4620, 195
4621, 195
4622, 195
4623, 195
4624, 195
4625, 195
4626, 195
4627, 195
4628, 195
4629, 195
4630, 195
4631, 195
4632, 195
4633, 195
4634, 195
4635, 195
4636, 195
4637, 195
4638, 195
4639, 195
4640, 195
4641, 195
4642, 195
4643, 195
4644, 195
4645, 195
4646, 195
4647, 195
4648, 195
4649, 195
4650, 195
4651, 195
4652, 195
4653, 195
4654, 195
4655, 195
4656, 195
4657, 195
4658, 195
4659, 195
4660, 195
4661, 195
4662, 195
4663, 195
4664, 195
4665, 195
4666, 195
4667, 197
4668, 197
4669, 197
4670, 197
4671, 197
4672, 197
4673, 197
4674, 197
4675, 197
4676, 197
4677, 197
4678, 197
4679, 197
4680, 197
4681, 197
4682, 197
4683, 197
4684, 197
4685, 197
4686, 197
4687, 197
4688, 197
4689, 197
4690, 197
4691, 197
4692, 197
4693, 197
4694, 197
4695, 197
4696, 197
4697, 197
4698, 197
4699, 197
4700, 197
4701, 197
4702, 197
4703, 197
4704, 197
4705, 197
4706, 197
4707, 197
4708, 197
4709, 197
4710, 197
4711, 197
4712, 197
4713, 197
4714, 197
4715, 197
4716, 197
4717, 197
4718, 197
4719, 197
4720, 197
4721, 197
4722, 197
4723, 197
4724, 197
4725, 197
4726, 197
4727, 197
4728, 197
4729, 197
4730, 197
4731, 197
4732, 197
4733, 197
4734, 197
4735, 197
4736, 197
4737, 197
4738, 197
4739, 197
4740, 197
4741, 197
4742, 197
4743, 197
4744, 197
4745, 197
4746, 197
4747, 197
4748, 197
4749, 197
4750, 197
4751, 197
4752, 197
4753, 197
4754, 197
4755, 197
4756, 197
4757, 197
4758, 197
4759, 197
4760, 197
4761, 197
4762, 197
4763, 197
4764, 197
4765, 197
4766, 197
4767, 197
4768, 197
4769, 197
4770, 197
4771, 197
4772, 197
4773, 197
4774, 197
4775, 197
4776, 197
4777, 197
4778, 197
4779, 197
4780, 197
4781, 197
4782, 197
4783, 197
4784, 197
4785, 197
4786, 197
4787, 197
4788, 197
4789, 197
4790, 197
4791, 197
4792, 197
4793, 197
4794, 197
4795, 197
4796, 197
4797, 197
4798, 197
4799, 197
4800, 197
4801, 197
4802, 197
4803, 197
4804, 197
4805, 197
4806, 197
4807, 197
4808, 197
4809, 197
4810, 197
4811, 197
4812, 197
4813, 197
4814, 197
4815, 197
4816, 197
4817, 197
4818, 197
4819, 197
4820, 197
4821, 197
4822, 197
4823, 197
4824, 197
4825, 197
4826, 197
4827, 197
4828, 197
4829, 197
4830, 197
4831, 197
4832, 197
4833, 197
4834, 197
4835, 197
4836, 197
4837, 197
4838, 197
4839, 197
4840, 197
4841, 197
4842, 197
4843, 197
4844, 197
4845, 197
4846, 197
4847, 197
4848, 197
4849, 197
4850, 199
4851, 199
4852, 199
4853, 199
4854, 199
4855, 199
4856, 199
4857, 199
4858, 199
4859, 199
4860, 199
4861, 199
4862, 199
4863, 199
4864, 199
4865, 199
4866, 199
4867, 199
4868, 199
4869, 199
4870, 199
4871, 199
4872, 199
4873, 199
4874, 199
4875, 199
4876, 199
4877, 199
4878, 199
4879, 199
4880, 199
4881, 199
4882, 199
4883, 199
4884, 199
4885, 199
4886, 199
4887, 199
4888, 199
4889, 199
4890, 199
4891, 199
4892, 199
4893, 199
4894, 199
4895, 199
4896, 199
4897, 199
4898, 199
4899, 199
4900, 199
4901, 199
4902, 199
4903, 199
4904, 199
4905, 199
4906, 199
4907, 199
4908, 199
4909, 199
4910, 199
4911, 199
4912, 199
4913, 199
4914, 199
4915, 199
4916, 199
4917, 199
4918, 199
4919, 199
4920, 199
4921, 199
4922, 199
4923, 199
4924, 199
4925, 199
4926, 199
4927, 199
4928, 199
4929, 199
4930, 199
4931, 201
4932, 201
4933, 201
4934, 201
4935, 201
4936, 201
4937, 201
4938, 201
4939, 201
4940, 201
4941, 201
4942, 201
4943, 201
4944, 201
4945, 201
4946, 201
4947, 201
4948, 201
4949, 201
4950, 201
4951, 201
4952, 201
4953, 201
4954, 201
4955, 201
4956, 201
4957, 201
4958, 201
4959, 201
4960, 201
4961, 201
4962, 201
4963, 201
4964, 201
4965, 201
4966, 201
4967, 201
4968, 201
4969, 201
4970, 201
4971, 201
4972, 201
4973, 201
4974, 201
4975, 201
4976, 201
4977, 201
4978, 201
4979, 201
4980, 201
4981, 201
4982, 201
4983, 201
4984, 201
4985, 201
4986, 201
4987, 201
4988, 201
4989, 201
4990, 201
4991, 201
4992, 201
4993, 201
4994, 201
4995, 201
4996, 201
4997, 201
4998, 201
4999, 201
5000, 201
5001, 201
5002, 201
5003, 201
5004, 201
5005, 201
5006, 201
5007, 201
5008, 201
5009, 201
5010, 201
5011, 201
5012, 201
5013, 201
5014, 201
5015, 201
5016, 201
5017, 201
5018, 201
5019, 201
5020, 201
5021, 201
5022, 201
5023, 201
5024, 201
5025, 201
5026, 201
5027, 201
5028, 201
5029, 201
5030, 201
5031, 201
5032, 201
5033, 201
5034, 201
5035, 201
5036, 201
5037, 201
5038, 201
5039, 201
5040, 201
5041, 201
5042, 201
5043, 201
5044, 201
5045, 201
5046, 201
5047, 201
5048, 201
5049, 201
5050, 201
5051, 201
5052, 201
5053, 201
5054, 201
5055, 201
5056, 201
5057, 201
5058, 201
5059, 201
5060, 203
5061, 203
5062, 203
5063, 203
5064, 203
5065, 203
5066, 203
5067, 203
5068, 203
5069, 203
5070, 203
5071, 203
5072, 203
5073, 203
5074, 203
5075, 203
5076, 203
5077, 203
5078, 203
5079, 203
5080, 203
5081, 203
5082, 203
5083, 203
5084, 203
5085, 203
5086, 203
5087, 203
5088, 203
5089, 203
5090, 203
5091, 203
5092, 203
5093, 203
5094, 203
5095, 203
5096, 203
5097, 203
5098, 203
5099, 203
5100, 203
5101, 203
5102, 203
5103, 203
5104, 203
5105, 203
5106, 203
5107, 203
5108, 203
5109, 203
5110, 203
5111, 203
5112, 203
5113, 203
5114, 203
5115, 203
5116, 203
5117, 203
5118, 203
5119, 203
5120, 203
5121, 203
5122, 203
5123, 203
5124, 203
5125, 203
5126, 203
5127, 203
5128, 203
5129, 203
5130, 203
5131, 203
5132, 203
5133, 203
5134, 203
5135, 203
5136, 205
5137, 205
5138, 205
5139, 205
5140, 205
5141, 205
5142, 205
5143, 205
5144, 205
5145, 205
5146, 205
5147, 205
5148, 205
5149, 205
5150, 205
5151, 205
5152, 205
5153, 205
5154, 205
5155, 205
5156, 205
5157, 205
5158, 205
5159, 205
5160, 205
5161, 205
5162, 205
5163, 205
5164, 205
5165, 205
5166, 205
5167, 205
5168, 205
5169, 205
5170, 205
5171, 205
5172, 205
5173, 205
5174, 205
5175, 205
5176, 205
5177, 207
5178, 207
5179, 207
5180, 207
5181, 207
5182, 207
5183, 207
5184, 207
5185, 207
5186, 207
5187, 207
5188, 207
5189, 207
5190, 207
5191, 207
5192, 207
5193, 207
5194, 207
5195, 207
5196, 207
5197, 207
5198, 207
5199, 207
5200, 207
5201, 207
5202, 207
5203, 207
5204, 207
5205, 207
5206, 207
5207, 207
5208, 207
5209, 207
5210, 207
5211, 207
5212, 207
5213, 207
5214, 207
5215, 207
5216, 207
5217, 207
5218, 209
5219, 209
5220, 209
5221, 209
5222, 209
5223, 209
5224, 209
5225, 209
5226, 209
5227, 209
5228, 209
5229, 209
5230, 209
5231, 209
5232, 209
5233, 209
5234, 209
5235, 209
5236, 209
5237, 209
5238, 209
5239, 209
5240, 209
5241, 209
5242, 209
5243, 209
5244, 209
5245, 209
5246, 209
5247, 209
5248, 209
5249, 209
5250, 209
5251, 209
5252, 209
5253, 209
5254, 209
5255, 209
5256, 209
5257, 209
5258, 209
5259, 209
5260, 209
5261, 209
5262, 209
5263, 209
5264, 209
5265, 209
5266, 209
5267, 209
5268, 209
5269, 209
5270, 209
5271, 209
5272, 209
5273, 209
5274, 209
5275, 209
5276, 209
5277, 209
5278, 209
5279, 209
5280, 209
5281, 209
5282, 209
5283, 209
5284, 209
5285, 209
5286, 209
5287, 209
5288, 209
5289, 209
5290, 209
5291, 209
5292, 209
5293, 209
5294, 209
5295, 209
5296, 209
5297, 209
5298, 209
5299, 209
5300, 209
5301, 209
5302, 209
5303, 209
5304, 209
5305, 209
5306, 209
5307, 209
5308, 209
5309, 209
5310, 209
5311, 209
5312, 209
5313, 209
5314, 209
5315, 209
5316, 209
5317, 209
5318, 209
5319, 209
5320, 209
5321, 209
5322, 209
5323, 209
5324, 209
5325, 209
5326, 209
5327, 209
5328, 209
5329, 209
5330, 209
5331, 209
5332, 209
5333, 209
5334, 209
5335, 209
5336, 209
5337, 209
5338, 209
5339, 209
5340, 209
5341, 209
5342, 209
5343, 209
5344, 209
5345, 209
5346, 209
5347, 209
5348, 209
5349, 209
5350, 209
5351, 209
5352, 209
5353, 209
5354, 209
5355, 209
5356, 209
5357, 209
5358, 209
5359, 209
5360, 209
5361, 209
5362, 209
5363, 209
5364, 209
5365, 209
5366, 209
5367, 209
5368, 209
5369, 209
5370, 209
5371, 209
5372, 209
5373, 209
5374, 209
5375, 211
5376, 211
5377, 211
5378, 211
5379, 211
5380, 211
5381, 211
5382, 211
5383, 211
5384, 211
5385, 211
5386, 211
5387, 211
5388, 211
5389, 211
5390, 211
5391, 211
5392, 211
5393, 211
5394, 211
5395, 211
5396, 211
5397, 211
5398, 211
5399, 211
5400, 211
5401, 211
5402, 211
5403, 211
5404, 211
5405, 211
5406, 211
5407, 211
5408, 211
5409, 211
5410, 211
5411, 211
5412, 211
5413, 211
5414, 211
5415, 211
5416, 211
5417, 211
5418, 211
5419, 211
5420, 211
5421, 211
5422, 211
5423, 211
5424, 211
5425, 211
5426, 211
5427, 211
5428, 211
5429, 211
5430, 211
5431, 211
5432, 211
5433, 211
5434, 211
5435, 211
5436, 211
5437, 211
5438, 211
5439, 211
5440, 211
5441, 211
5442, 211
5443, 211
5444, 213
5445, 213
5446, 213
5447, 213
5448, 213
5449, 213
5450, 213
5451, 213
5452, 213
5453, 213
5454, 213
5455, 213
5456, 213
5457, 213
5458, 213
5459, 213
5460, 213
5461, 213
5462, 213
5463, 213
5464, 213
5465, 213
5466, 213
5467, 213
5468, 213
5469, 213
5470, 213
5471, 213
5472, 213
5473, 213
5474, 213
5475, 213
5476, 213
5477, 213
5478, 213
5479, 213
5480, 213
5481, 213
5482, 213
5483, 213
5484, 213
5485, 213
5486, 213
5487, 213
5488, 213
5489, 213
5490, 213
5491, 213
5492, 213
5493, 213
5494, 213
5495, 213
5496, 213
5497, 213
5498, 213
5499, 213
5500, 213
5501, 213
5502, 213
5503, 213
5504, 213
5505, 213
5506, 213
5507, 213
5508, 213
5509, 213
5510, 213
5511, 213
5512, 213
5513, 213
5514, 213
5515, 213
5516, 213
5517, 213
5518, 213
5519, 213
5520, 213
5521, 213
5522, 213
5523, 213
5524, 213
5525, 213
5526, 213
5527, 213
5528, 213
5529, 213
5530, 213
5531, 213
5532, 213
5533, 213
5534, 213
5535, 213
5536, 213
5537, 213
5538, 213
5539, 213
5540, 213
5541, 213
5542, 213
5543, 213
5544, 215
5545, 215
5546, 215
5547, 215
5548, 215
5549, 215
5550, 215
5551, 215
5552, 215
5553, 215
5554, 215
5555, 215
5556, 215
5557, 215
5558, 215
5559, 215
5560, 215
5561, 215
5562, 215
5563, 215
5564, 215
5565, 215
5566, 215
5567, 215
5568, 215
5569, 215
5570, 215
5571, 215
5572, 215
5573, 215
5574, 215
5575, 215
5576, 215
5577, 215
5578, 215
5579, 215
5580, 215
5581, 215
5582, 215
5583, 215
5584, 215
5585, 215
5586, 215
5587, 215
5588, 215
5589, 215
5590, 215
5591, 215
5592, 215
5593, 215
5594, 215
5595, 215
5596, 215
5597, 215
5598, 215
5599, 215
5600, 215
5601, 215
5602, 215
5603, 215
5604, 215
5605, 215
5606, 215
5607, 215
5608, 215
5609, 215
5610, 215
5611, 215
5612, 215
5613, 215
5614, 215
5615, 215
5616, 215
5617, 215
5618, 215
5619, 215
5620, 215
5621, 215
5622, 215
5623, 215
5624, 215
5625, 215
5626, 215
5627, 215
5628, 215
5629, 215
5630, 215
5631, 215
5632, 215
5633, 215
5634, 215
5635, 215
5636, 215
5637, 215
5638, 215
5639, 215
5640, 215
5641, 215
5642, 215
5643, 215
5644, 215
5645, 215
5646, 215
5647, 215
5648, 215
5649, 215
5650, 215
5651, 215
5652, 215
5653, 215
5654, 215
5655, 215
5656, 215
5657, 215
5658, 215
5659, 215
5660, 215
5661, 215
5662, 215
5663, 215
5664, 215
5665, 215
5666, 215
5667, 215
5668, 215
5669, 215
5670, 215
5671, 215
5672, 215
5673, 215
5674, 215
5675, 215
5676, 215
5677, 215
5678, 215
5679, 215
5680, 215
5681, 215
5682, 215
5683, 215
5684, 215
5685, 215
5686, 217
5687, 217
5688, 217
5689, 217
5690, 217
5691, 217
5692, 217
5693, 217
5694, 217
5695, 217
5696, 217
5697, 217
5698, 217
5699, 217
5700, 217
5701, 217
5702, 217
5703, 217
5704, 217
5705, 217
5706, 217
5707, 217
5708, 217
5709, 217
5710, 217
5711, 217
5712, 217
5713, 217
5714, 217
5715, 217
5716, 217
5717, 217
5718, 217
5719, 217
5720, 217
5721, 217
5722, 217
5723, 217
5724, 217
5725, 217
5726, 217
5727, 217
5728, 217
5729, 217
5730, 217
5731, 217
5732, 217
5733, 217
5734, 217
5735, 217
5736, 217
5737, 217
5738, 217
5739, 217
5740, 217
5741, 217
5742, 217
5743, 217
5744, 217
5745, 217
5746, 217
5747, 217
5748, 217
5749, 217
5750, 217
5751, 217
5752, 217
5753, 217
5754, 217
5755, 217
5756, 217
5757, 217
5758, 217
5759, 217
5760, 217
5761, 217
5762, 217
5763, 217
5764, 217
5765, 217
5766, 217
5767, 217
5768, 217
5769, 217
5770, 217
5771, 217
5772, 217
5773, 217
5774, 217
5775, 217
5776, 217
5777, 217
5778, 217
5779, 217
5780, 217
5781, 217
5782, 217
5783, 217
5784, 217
5785, 217
5786, 217
5787, 217
5788, 217
5789, 217
5790, 217
5791, 217
5792, 217
5793, 217
5794, 217
5795, 217
5796, 217
5797, 217
5798, 217
5799, 217
5800, 217
5801, 217
5802, 219
5803, 219
5804, 219
5805, 219
5806, 219
5807, 219
5808, 219
5809, 219
5810, 219
5811, 219
5812, 219
5813, 219
5814, 219
5815, 219
5816, 219
5817, 219
5818, 219
5819, 219
5820, 219
5821, 219
5822, 219
5823, 219
5824, 219
5825, 219
5826, 219
5827, 219
5828, 219
5829, 219
5830, 219
5831, 219
5832, 219
5833, 219
5834, 219
5835, 219
5836, 219
5837, 219
5838, 219
5839, 219
5840, 219
5841, 219
5842, 219
5843, 219
5844, 219
5845, 219
5846, 219
5847, 219
5848, 219
5849, 219
5850, 219
5851, 219
5852, 219
5853, 219
5854, 219
5855, 219
5856, 219
5857, 219
5858, 219
5859, 219
5860, 219
5861, 219
5862, 219
5863, 219
5864, 219
5865, 219
5866, 219
5867, 219
5868, 219
5869, 219
5870, 219
5871, 219
5872, 219
5873, 219
5874, 219
5875, 219
5876, 219
5877, 219
5878, 219
5879, 219
5880, 219
5881, 219
5882, 219
5883, 219
5884, 219
5885, 219
5886, 219
5887, 219
5888, 219
5889, 219
5890, 219
5891, 219
5892, 219
5893, 219
5894, 219
5895, 219
5896, 219
5897, 219
5898, 219
5899, 219
5900, 219
5901, 219
5902, 219
5903, 219
5904, 219
5905, 219
5906, 219
5907, 219
5908, 219
5909, 219
5910, 219
5911, 219
5912, 219
5913, 219
5914, 219
5915, 219
5916, 219
5917, 219
5918, 219
5919, 219
5920, 219
5921, 219
5922, 219
5923, 219
5924, 219
5925, 219
5926, 219
5927, 219
5928, 219
5929, 219
5930, 219
5931, 219
5932, 219
5933, 219
5934, 219
5935, 219
5936, 219
5937, 219
5938, 219
5939, 219
5940, 219
5941, 219
5942, 219
5943, 219
5944, 219
5945, 219
5946, 219
5947, 219
5948, 221
5949, 221
5950, 221
5951, 221
5952, 221
5953, 221
5954, 221
5955, 221
5956, 221
5957, 221
5958, 221
5959, 221
5960, 221
5961, 221
5962, 221
5963, 221
5964, 221
5965, 221
5966, 221
5967, 221
5968, 221
5969, 221
5970, 221
5971, 221
5972, 221
5973, 221
5974, 221
5975, 221
5976, 221
5977, 221
5978, 221
5979, 221
5980, 221
5981, 221
5982, 221
5983, 221
5984, 221
5985, 221
5986, 221
5987, 221
5988, 221
5989, 221
5990, 221
5991, 221
5992, 221
5993, 221
5994, 221
5995, 221
5996, 221
5997, 221
5998, 221
5999, 221
6000, 221
6001, 221
6002, 221
6003, 221
6004, 221
6005, 221
6006, 221
6007, 221
6008, 221
6009, 221
6010, 221
6011, 221
6012, 221
6013, 221
6014, 221
6015, 221
6016, 221
6017, 221
6018, 221
6019, 221
6020, 221
6021, 223
6022, 223
6023, 223
6024, 223
6025, 223
6026, 223
6027, 223
6028, 223
6029, 223
6030, 223
6031, 223
6032, 223
6033, 223
6034, 223
6035, 223
6036, 223
6037, 223
6038, 223
6039, 223
6040, 223
6041, 223
6042, 223
6043, 223
6044, 223
6045, 223
6046, 223
6047, 223
6048, 223
6049, 223
6050, 223
6051, 223
6052, 223
6053, 223
6054, 223
6055, 223
6056, 223
6057, 223
6058, 223
6059, 223
6060, 223
6061, 223
6062, 223
6063, 223
6064, 223
6065, 223
6066, 223
6067, 223
6068, 223
6069, 223
6070, 223
6071, 223
6072, 223
6073, 223
6074, 223
6075, 223
6076, 223
6077, 223
6078, 223
6079, 223
6080, 223
6081, 223
6082, 223
6083, 223
6084, 223
6085, 223
6086, 223
6087, 223
6088, 223
6089, 223
6090, 223
6091, 223
6092, 225
6093, 225
6094, 225
6095, 225
6096, 225
6097, 225
6098, 225
6099, 225
6100, 225
6101, 225
6102, 225
6103, 225
6104, 225
6105, 225
6106, 225
6107, 225
6108, 225
6109, 225
6110, 225
6111, 225
6112, 225
6113, 225
6114, 225
6115, 225
6116, 225
6117, 225
6118, 225
6119, 225
6120, 225
6121, 225
6122, 225
6123, 225
6124, 225
6125, 225
6126, 225
6127, 225
6128, 225
6129, 225
6130, 225
6131, 225
6132, 225
6133, 225
6134, 225
6135, 225
6136, 225
6137, 225
6138, 225
6139, 225
6140, 225
6141, 225
6142, 225
6143, 225
6144, 225
6145, 225
6146, 225
6147, 225
6148, 225
6149, 225
6150, 225
6151, 225
6152, 225
6153, 225
6154, 225
6155, 225
6156, 225
6157, 225
6158, 225
6159, 225
6160, 225
6161, 225
6162, 225
6163, 225
6164, 225
6165, 225
6166, 225
6167, 225
6168, 225
6169, 225
6170, 225
6171, 225
6172, 225
6173, 225
6174, 225
6175, 225
6176, 225
6177, 225
6178, 225
6179, 225
6180, 225
6181, 225
6182, 225
6183, 225
6184, 225
6185, 225
6186, 225
6187, 225
6188, 225
6189, 225
6190, 225
6191, 225
6192, 225
6193, 225
6194, 225
6195, 225
6196, 225
6197, 225
6198, 225
6199, 225
6200, 225
6201, 225
6202, 225
6203, 225
6204, 225
6205, 225
6206, 225
6207, 225
6208, 225
6209, 225
6210, 225
6211, 225
6212, 225
6213, 225
6214, 225
6215, 225
6216, 225
6217, 225
6218, 225
6219, 225
6220, 225
6221, 225
6222, 225
6223, 225
6224, 225
6225, 225
6226, 225
6227, 225
6228, 225
6229, 225
6230, 225
6231, 225
6232, 225
6233, 225
6234, 225
6235, 225
6236, 225
6237, 225
6238, 225
6239, 225
6240, 227
6241, 227
6242, 227
6243, 227
6244, 227
6245, 227
6246, 227
6247, 227
6248, 227
6249, 227
6250, 227
6251, 227
6252, 227
6253, 227
6254, 227
6255, 227
6256, 227
6257, 227
6258, 227
6259, 227
6260, 227
6261, 227
6262, 227
6263, 227
6264, 227
6265, 227
6266, 227
6267, 227
6268, 227
6269, 227
6270, 227
6271, 227
6272, 227
6273, 227
6274, 227
6275, 227
6276, 227
6277, 227
6278, 227
6279, 227
6280, 227
6281, 227
6282, 227
6283, 227
6284, 227
6285, 227
6286, 227
6287, 227
6288, 227
6289, 227
6290, 227
6291, 227
6292, 227
6293, 227
6294, 227
6295, 227
6296, 227
6297, 227
6298, 227
6299, 227
6300, 227
6301, 227
6302, 227
6303, 227
6304, 227
6305, 227
6306, 227
6307, 227
6308, 227
6309, 227
6310, 227
6311, 227
6312, 227
6313, 227
6314, 227
6315, 227
6316, 227
6317, 227
6318, 227
6319, 227
6320, 227
6321, 227
6322, 227
6323, 227
6324, 227
6325, 227
6326, 227
6327, 227
6328, 227
6329, 227
6330, 227
6331, 227
6332, 227
6333, 227
6334, 227
6335, 227
6336, 227
6337, 227
6338, 227
6339, 227
6340, 227
6341, 227
6342, 227
6343, 227
6344, 229
6345, 229
6346, 229
6347, 229
6348, 229
6349, 229
6350, 229
6351, 229
6352, 229
6353, 229
6354, 229
6355, 229
6356, 229
6357, 229
6358, 229
6359, 229
6360, 229
6361, 229
6362, 229
6363, 229
6364, 229
6365, 229
6366, 229
6367, 229
6368, 229
6369, 229
6370, 229
6371, 229
6372, 229
6373, 229
6374, 229
6375, 229
6376, 229
6377, 229
6378, 229
6379, 229
6380, 229
6381, 229
6382, 229
6383, 229
6384, 229
6385, 229
6386, 229
6387, 229
6388, 229
6389, 229
6390, 229
6391, 229
6392, 229
6393, 229
6394, 229
6395, 229
6396, 229
6397, 229
6398, 229
6399, 229
6400, 229
6401, 229
6402, 229
6403, 229
6404, 229
6405, 229
6406, 229
6407, 229
6408, 229
6409, 229
6410, 229
6411, 229
6412, 229
6413, 229
6414, 229
6415, 229
6416, 229
6417, 229
6418, 229
6419, 229
6420, 229
6421, 229
6422, 229
6423, 229
6424, 229
6425, 229
6426, 229
6427, 229
6428, 229
6429, 229
6430, 229
6431, 229
6432, 229
6433, 229
6434, 229
6435, 229
6436, 229
6437, 229
6438, 229
6439, 229
6440, 229
6441, 229
6442, 229
6443, 229
6444, 229
6445, 229
6446, 229
6447, 229
6448, 229
6449, 229
6450, 229
6451, 229
6452, 229
6453, 229
6454, 229
6455, 229
6456, 229
6457, 229
6458, 229
6459, 229
6460, 229
6461, 229
6462, 229
6463, 229
6464, 229
6465, 229
6466, 229
6467, 229
6468, 229
6469, 229
6470, 229
6471, 229
6472, 229
6473, 229
6474, 229
6475, 229
6476, 229
6477, 229
6478, 229
6479, 229
6480, 229
6481, 229
6482, 229
6483, 229
6484, 229
6485, 229
6486, 229
6487, 231
6488, 231
6489, 231
6490, 231
6491, 231
6492, 231
6493, 231
6494, 231
6495, 231
6496, 231
6497, 231
6498, 231
6499, 231
6500, 231
6501, 231
6502, 231
6503, 231
6504, 231
6505, 231
6506, 231
6507, 231
6508, 231
6509, 231
6510, 231
6511, 231
6512, 231
6513, 231
6514, 231
6515, 231
6516, 231
6517, 231
6518, 231
6519, 231
6520, 231
6521, 231
6522, 231
6523, 231
6524, 231
6525, 231
6526, 231
6527, 231
6528, 231
6529, 231
6530, 231
6531, 231
6532, 231
6533, 231
6534, 231
6535, 231
6536, 231
6537, 231
6538, 231
6539, 231
6540, 231
6541, 231
6542, 231
6543, 231
6544, 231
6545, 231
6546, 231
6547, 231
6548, 231
6549, 231
6550, 231
6551, 231
6552, 231
6553, 231
6554, 231
6555, 231
6556, 231
6557, 231
6558, 231
6559, 231
6560, 231
6561, 231
6562, 231
6563, 231
6564, 231
6565, 231
6566, 231
6567, 231
6568, 231
6569, 231
6570, 231
6571, 231
6572, 231
6573, 231
6574, 231
6575, 231
6576, 231
6577, 231
6578, 231
6579, 231
6580, 231
6581, 231
6582, 231
6583, 231
6584, 231
6585, 231
6586, 231
6587, 231
6588, 231
6589, 231
6590, 231
6591, 231
6592, 231
6593, 231
6594, 231
6595, 231
6596, 231
6597, 231
6598, 231
6599, 231
6600, 231
6601, 231
6602, 231
6603, 231
6604, 231
6605, 231
6606, 231
6607, 231
6608, 231
6609, 231
6610, 231
6611, 231
6612, 231
6613, 231
6614, 231
6615, 231
6616, 231
6617, 231
6618, 231
6619, 231
6620, 231
6621, 231
6622, 231
6623, 231
6624, 231
6625, 231
6626, 231
6627, 231
6628, 231
6629, 231
6630, 231
6631, 231
6632, 231
6633, 231
6634, 231
6635, 231
6636, 231
6637, 231
6638, 231
6639, 231
6640, 231
6641, 231
6642, 231
6643, 231
6644, 231
6645, 231
6646, 231
6647, 231
6648, 231
6649, 231
6650, 231
6651, 231
6652, 231
6653, 231
6654, 231
6655, 231
6656, 231
6657, 231
6658, 231
6659, 231
6660, 231
6661, 231
6662, 231
6663, 231
6664, 231
6665, 231
6666, 231
6667, 231
6668, 231
6669, 231
6670, 231
6671, 231
6672, 231
6673, 231
6674, 231
6675, 231
6676, 231
6677, 231
6678, 231
6679, 233
6680, 233
6681, 233
6682, 233
6683, 233
6684, 233
6685, 233
6686, 233
6687, 233
6688, 233
6689, 233
6690, 233
6691, 233
6692, 233
6693, 233
6694, 233
6695, 233
6696, 233
6697, 233
6698, 233
6699, 233
6700, 233
6701, 233
6702, 233
6703, 233
6704, 233
6705, 233
6706, 233
6707, 233
6708, 233
6709, 233
6710, 233
6711, 233
6712, 233
6713, 233
6714, 233
6715, 233
6716, 233
6717, 233
6718, 233
6719, 233
6720, 233
6721, 233
6722, 233
6723, 233
6724, 233
6725, 233
6726, 233
6727, 233
6728, 233
6729, 233
6730, 233
6731, 233
6732, 233
6733, 233
6734, 233
6735, 233
6736, 233
6737, 233
6738, 233
6739, 233
6740, 233
6741, 233
6742, 233
6743, 233
6744, 233
6745, 233
6746, 233
6747, 233
6748, 233
6749, 233
6750, 233
6751, 233
6752, 233
6753, 233
6754, 233
6755, 233
6756, 233
6757, 233
6758, 233
6759, 233
6760, 233
6761, 233
6762, 233
6763, 233
6764, 233
6765, 233
6766, 233
6767, 233
6768, 233
6769, 233
6770, 233
6771, 233
6772, 233
6773, 233
6774, 233
6775, 233
6776, 233
6777, 235
6778, 237
6779, 237
6780, 237
6781, 237
6782, 237
6783, 237
6784, 237
6785, 237
6786, 237
6787, 237
6788, 237
6789, 237
6790, 237
6791, 237
6792, 237
6793, 237
6794, 237
6795, 237
6796, 237
6797, 237
6798, 237
6799, 237
6800, 237
6801, 237
6802, 237
6803, 237
6804, 237
6805, 237
6806, 237
6807, 237
6808, 237
6809, 237
6810, 237
6811, 237
6812, 237
6813, 237
6814, 237
6815, 237
6816, 237
6817, 237
6818, 237
6819, 237
6820, 237
6821, 237
6822, 237
6823, 237
6824, 237
6825, 237
6826, 237
6827, 237
6828, 237
6829, 237
6830, 237
6831, 237
6832, 237
6833, 237
6834, 237
6835, 237
6836, 237
6837, 237
6838, 237
6839, 237
6840, 237
6841, 237
6842, 237
6843, 237
6844, 237
6845, 237
6846, 237
6847, 237
6848, 237
6849, 237
6850, 237
6851, 237
6852, 237
6853, 237
6854, 237
6855, 237
6856, 237
6857, 237
6858, 237
6859, 237
6860, 237
6861, 237
6862, 237
6863, 237
6864, 237
6865, 237
6866, 237
6867, 237
6868, 237
6869, 237
6870, 237
6871, 237
6872, 237
6873, 237
6874, 237
6875, 237
6876, 237
6877, 237
6878, 237
6879, 237
6880, 237
6881, 237
6882, 237
6883, 237
6884, 237
6885, 237
6886, 237
6887, 237
6888, 237
6889, 237
6890, 237
6891, 237
6892, 237
6893, 237
6894, 237
6895, 237
6896, 237
6897, 237
6898, 237
6899, 237
6900, 237
6901, 237
6902, 237
6903, 237
6904, 237
6905, 237
6906, 237
6907, 237
6908, 237
6909, 237
6910, 237
6911, 237
6912, 237
6913, 237
6914, 237
6915, 237
6916, 237
6917, 237
6918, 237
6919, 237
6920, 237
6921, 237
6922, 237
6923, 237
6924, 239
6925, 239
6926, 239
6927, 239
6928, 239
6929, 239
6930, 239
6931, 239
6932, 239
6933, 239
6934, 239
6935, 239
6936, 239
6937, 239
6938, 239
6939, 239
6940, 239
6941, 239
6942, 239
6943, 239
6944, 239
6945, 239
6946, 239
6947, 239
6948, 239
6949, 239
6950, 239
6951, 239
6952, 239
6953, 239
6954, 239
6955, 239
6956, 239
6957, 239
6958, 239
6959, 239
6960, 239
6961, 239
6962, 239
6963, 239
6964, 239
6965, 239
6966, 239
6967, 239
6968, 239
6969, 239
6970, 239
6971, 239
6972, 239
6973, 239
6974, 239
6975, 239
6976, 239
6977, 239
6978, 239
6979, 239
6980, 239
6981, 239
6982, 239
6983, 239
6984, 239
6985, 239
6986, 239
6987, 239
6988, 239
6989, 239
6990, 239
6991, 239
6992, 239
6993, 239
6994, 239
6995, 239
6996, 239
6997, 239
6998, 239
6999, 239
7000, 239
7001, 239
7002, 239
7003, 239
7004, 239
7005, 239
7006, 239
7007, 239
7008, 239
7009, 239
7010, 239
7011, 239
7012, 239
7013, 239
7014, 239
7015, 239
7016, 239
7017, 239
7018, 239
7019, 239
7020, 239
7021, 239
7022, 239
7023, 239
7024, 239
7025, 239
7026, 239
7027, 239
7028, 239
7029, 239
7030, 239
7031, 239
7032, 239
7033, 239
7034, 239
7035, 239
7036, 239
7037, 239
7038, 239
7039, 239
7040, 239
7041, 239
7042, 239
7043, 239
7044, 239
7045, 239
7046, 239
7047, 239
7048, 239
7049, 239
7050, 239
7051, 239
7052, 239
7053, 239
7054, 239
7055, 239
7056, 239
7057, 239
7058, 239
7059, 239
7060, 239
7061, 239
7062, 239
7063, 239
7064, 239
7065, 239
7066, 239
7067, 239
7068, 239
7069, 239
7070, 239
7071, 239
7072, 239
7073, 239
7074, 239
7075, 239
7076, 239
7077, 239
7078, 239
7079, 239
7080, 239
7081, 239
7082, 239
7083, 239
7084, 239
7085, 239
7086, 239
7087, 239
7088, 239
7089, 239
7090, 239
7091, 239
7092, 239
7093, 239
7094, 239
7095, 241
7096, 241
7097, 241
7098, 241
7099, 241
7100, 241
7101, 241
7102, 241
7103, 241
7104, 241
7105, 241
7106, 241
7107, 241
7108, 241
7109, 241
7110, 241
7111, 241
7112, 241
7113, 241
7114, 241
7115, 241
7116, 241
7117, 241
7118, 241
7119, 241
7120, 241
7121, 241
7122, 241
7123, 241
7124, 241
7125, 241
7126, 241
7127, 241
7128, 241
7129, 241
7130, 241
7131, 241
7132, 241
7133, 241
7134, 241
7135, 241
7136, 243
7137, 243
7138, 243
7139, 243
7140, 243
7141, 243
7142, 243
7143, 243
7144, 243
7145, 243
7146, 243
7147, 243
7148, 243
7149, 243
7150, 243
7151, 243
7152, 243
7153, 243
7154, 243
7155, 243
7156, 243
7157, 243
7158, 243
7159, 243
7160, 243
7161, 243
7162, 243
7163, 243
7164, 243
7165, 243
7166, 243
7167, 243
7168, 243
7169, 243
7170, 243
7171, 243
7172, 243
7173, 243
7174, 243
7175, 243
7176, 243
7177, 243
7178, 243
7179, 243
7180, 243
7181, 243
7182, 243
7183, 243
7184, 243
7185, 243
7186, 243
7187, 243
7188, 243
7189, 243
7190, 243
7191, 243
7192, 243
7193, 243
7194, 243
7195, 243
7196, 243
7197, 243
7198, 243
7199, 243
7200, 243
7201, 243
7202, 243
7203, 243
7204, 243
7205, 243
7206, 243
7207, 243
7208, 243
7209, 243
7210, 243
7211, 243
7212, 243
7213, 243
7214, 243
7215, 243
7216, 243
7217, 243
7218, 243
7219, 243
7220, 243
7221, 243
7222, 243
7223, 243
7224, 243
7225, 243
7226, 243
7227, 243
7228, 243
7229, 243
7230, 243
7231, 243
7232, 243
7233, 243
7234, 243
7235, 243
7236, 243
7237, 243
7238, 243
7239, 243
7240, 243
7241, 243
7242, 243
7243, 243
7244, 243
7245, 243
7246, 243
7247, 243
7248, 243
7249, 243
7250, 243
7251, 243
7252, 243
7253, 243
7254, 243
7255, 243
7256, 243
7257, 243
7258, 243
7259, 243
7260, 243
7261, 243
7262, 243
7263, 243
7264, 243
7265, 243
7266, 243
7267, 243
7268, 243
7269, 243
7270, 243
7271, 243
7272, 243
7273, 243
7274, 243
7275, 243
7276, 243
7277, 243
7278, 243
7279, 243
7280, 243
7281, 243
7282, 243
7283, 243
7284, 243
7285, 243
7286, 243
7287, 245
7288, 245
7289, 245
7290, 245
7291, 245
7292, 245
7293, 245
7294, 245
7295, 245
7296, 245
7297, 245
7298, 245
7299, 245
7300, 245
7301, 245
7302, 245
7303, 245
7304, 245
7305, 245
7306, 245
7307, 245
7308, 245
7309, 245
7310, 245
7311, 245
7312, 245
7313, 245
7314, 245
7315, 245
7316, 245
7317, 245
7318, 245
7319, 245
7320, 245
7321, 245
7322, 245
7323, 245
7324, 245
7325, 245
7326, 245
7327, 245
7328, 245
7329, 245
7330, 245
7331, 245
7332, 245
7333, 245
7334, 245
7335, 245
7336, 245
7337, 245
7338, 245
7339, 245
7340, 245
7341, 245
7342, 245
7343, 245
7344, 245
7345, 245
7346, 245
7347, 245
7348, 245
7349, 245
7350, 245
7351, 245
7352, 245
7353, 245
7354, 245
7355, 245
7356, 245
7357, 245
7358, 245
7359, 245
7360, 245
7361, 245
7362, 245
7363, 245
7364, 245
7365, 245
7366, 245
7367, 245
7368, 245
7369, 245
7370, 245
7371, 245
7372, 245
7373, 245
7374, 245
7375, 245
7376, 245
7377, 245
7378, 245
7379, 245
7380, 245
7381, 245
7382, 245
7383, 245
7384, 245
7385, 245
7386, 245
7387, 245
7388, 245
7389, 245
7390, 245
7391, 245
7392, 245
7393, 245
7394, 245
7395, 245
7396, 245
7397, 245
7398, 245
7399, 245
7400, 245
7401, 245
7402, 245
7403, 245
7404, 245
7405, 245
7406, 245
7407, 245
7408, 245
7409, 245
7410, 245
7411, 245
7412, 245
7413, 245
7414, 245
7415, 245
7416, 245
7417, 245
7418, 245
7419, 245
7420, 245
7421, 245
7422, 245
7423, 245
7424, 245
7425, 245
7426, 245
7427, 245
7428, 245
7429, 245
7430, 245
7431, 245
7432, 245
7433, 245
7434, 245
7435, 245
7436, 245
7437, 245
7438, 245
7439, 245
7440, 245
7441, 245
7442, 245
7443, 245
7444, 245
7445, 245
7446, 245
7447, 245
7448, 245
7449, 245
7450, 245
7451, 245
7452, 245
7453, 245
7454, 245
7455, 245
7456, 245
7457, 245
7458, 245
7459, 245
7460, 245
7461, 245
7462, 245
7463, 245
7464, 245
7465, 245
7466, 245
7467, 245
7468, 245
7469, 245
7470, 245
7471, 245
7472, 245
7473, 245
7474, 245
7475, 245
7476, 245
7477, 245
7478, 245
7479, 245
7480, 245
7481, 247
7482, 247
7483, 247
7484, 247
7485, 247
7486, 247
7487, 247
7488, 247
7489, 247
7490, 247
7491, 247
7492, 247
7493, 247
7494, 247
7495, 247
7496, 247
7497, 247
7498, 247
7499, 247
7500, 247
7501, 247
7502, 247
7503, 247
7504, 247
7505, 247
7506, 247
7507, 247
7508, 247
7509, 247
7510, 247
7511, 247
7512, 247
7513, 247
7514, 247
7515, 247
7516, 247
7517, 247
7518, 247
7519, 247
7520, 247
7521, 247
7522, 247
7523, 247
7524, 247
7525, 247
7526, 247
7527, 247
7528, 247
7529, 247
7530, 247
7531, 247
7532, 247
7533, 247
7534, 247
7535, 247
7536, 247
7537, 247
7538, 247
7539, 247
7540, 247
7541, 247
7542, 247
7543, 247
7544, 247
7545, 247
7546, 247
7547, 247
7548, 247
7549, 247
7550, 247
7551, 247
7552, 247
7553, 247
7554, 247
7555, 247
7556, 247
7557, 247
7558, 247
7559, 247
7560, 247
7561, 247
7562, 247
7563, 247
7564, 247
7565, 247
7566, 247
7567, 247
7568, 247
7569, 247
7570, 247
7571, 247
7572, 247
7573, 247
7574, 247
7575, 247
7576, 247
7577, 247
7578, 247
7579, 247
7580, 247
7581, 247
7582, 247
7583, 247
7584, 247
7585, 247
7586, 247
7587, 247
7588, 247
7589, 247
7590, 247
7591, 247
7592, 247
7593, 247
7594, 247
7595, 247
7596, 247
7597, 247
7598, 247
7599, 247
7600, 247
7601, 247
7602, 247
7603, 247
7604, 247
7605, 247
7606, 247
7607, 247
7608, 247
7609, 247
7610, 247
7611, 247
7612, 247
7613, 247
7614, 247
7615, 247
7616, 247
7617, 247
7618, 247
7619, 247
7620, 247
7621, 247
7622, 247
7623, 247
7624, 247
7625, 247
7626, 247
7627, 247
7628, 247
7629, 247
7630, 247
7631, 247
7632, 247
7633, 247
7634, 247
7635, 247
7636, 247
7637, 247
7638, 247
7639, 247
7640, 247
7641, 247
7642, 247
7643, 247
7644, 247
7645, 247
7646, 247
7647, 249
7648, 249
7649, 249
7650, 249
7651, 249
7652, 249
7653, 249
7654, 249
7655, 249
7656, 249
7657, 249
7658, 249
7659, 249
7660, 249
7661, 249
7662, 249
7663, 249
7664, 249
7665, 249
7666, 249
7667, 249
7668, 249
7669, 249
7670, 249
7671, 249
7672, 249
7673, 249
7674, 249
7675, 249
7676, 249
7677, 249
7678, 249
7679, 249
7680, 249
7681, 249
7682, 249
7683, 249
7684, 249
7685, 249
7686, 249
7687, 249
7688, 249
7689, 249
7690, 249
7691, 249
7692, 249
7693, 249
7694, 249
7695, 249
7696, 249
7697, 249
7698, 249
7699, 249
7700, 249
7701, 249
7702, 249
7703, 249
7704, 251
7705, 251
7706, 251
7707, 251
7708, 251
7709, 251
7710, 251
7711, 251
7712, 251
7713, 251
7714, 251
7715, 251
7716, 251
7717, 251
7718, 251
7719, 251
7720, 251
7721, 251
7722, 251
7723, 251
7724, 251
7725, 251
7726, 251
7727, 251
7728, 251
7729, 251
7730, 251
7731, 251
7732, 251
7733, 251
7734, 251
7735, 251
7736, 251
7737, 251
7738, 251
7739, 251
7740, 251
7741, 251
7742, 251
7743, 251
